ranking_type,date,like_user_id,creator_name,creator_urlname,score_daily,score_cumulative,period_start,period_end,generated_at
this_week,2026-03-30,2490558,だんだんありがと@めじゅ,dandan_arigato19,8,8,2026-03-30T00:00:00+09:00,2026-04-02T16:28:09.993852+09:00,2026-04-02T16:28:09.993852+09:00
this_week,2026-03-30,11634537,ナオユキ｜物語と知識のコンシェルジュ,ai_naoyuki,10,10,2026-03-30T00:00:00+09:00,2026-04-02T16:28:09.993852+09:00,2026-04-02T16:28:09.993852+09:00
this_week,2026-03-30,11058763,濱口貴光@AIとデータサイエンスが好きな薬剤師,pharma_i_cist,10,10,2026-03-30T00:00:00+09:00,2026-04-02T16:28:09.993852+09:00,2026-04-02T16:28:09.993852+09:00
this_week,2026-03-30,7547534,メイシン,mei_shin,50,50,2026-03-30T00:00:00+09:00,2026-04-02T16:28:09.993852+09:00,2026-04-02T16:28:09.993852+09:00
this_week,2026-03-30,4887086,はんく・シュンタナ🐤『塩化ビニール系女子』AIクリエイター兼プロデューサー,hunk_shuntana,10,10,2026-03-30T00:00:00+09:00,2026-04-02T16:28:09.993852+09:00,2026-04-02T16:28:09.993852+09:00
this_week,2026-03-31,2490558,だんだんありがと@めじゅ,dandan_arigato19,8,16,2026-03-30T00:00:00+09:00,2026-04-02T16:28:09.993852+09:00,2026-04-02T16:28:09.993852+09:00
this_week,2026-03-31,11634537,ナオユキ｜物語と知識のコンシェルジュ,ai_naoyuki,20,30,2026-03-30T00:00:00+09:00,2026-04-02T16:28:09.993852+09:00,2026-04-02T16:28:09.993852+09:00
this_week,2026-03-31,11058763,濱口貴光@AIとデータサイエンスが好きな薬剤師,pharma_i_cist,10,20,2026-03-30T00:00:00+09:00,2026-04-02T16:28:09.993852+09:00,2026-04-02T16:28:09.993852+09:00
this_week,2026-03-31,7547534,メイシン,mei_shin,0,50,2026-03-30T00:00:00+09:00,2026-04-02T16:28:09.993852+09:00,2026-04-02T16:28:09.993852+09:00
this_week,2026-03-31,4887086,はんく・シュンタナ🐤『塩化ビニール系女子』AIクリエイター兼プロデューサー,hunk_shuntana,30,40,2026-03-30T00:00:00+09:00,2026-04-02T16:28:09.993852+09:00,2026-04-02T16:28:09.993852+09:00
this_week,2026-04-01,2490558,だんだんありがと@めじゅ,dandan_arigato19,50,66,2026-03-30T00:00:00+09:00,2026-04-02T16:28:09.993852+09:00,2026-04-02T16:28:09.993852+09:00
this_week,2026-04-01,11634537,ナオユキ｜物語と知識のコンシェルジュ,ai_naoyuki,20,50,2026-03-30T00:00:00+09:00,2026-04-02T16:28:09.993852+09:00,2026-04-02T16:28:09.993852+09:00
this_week,2026-04-01,11058763,濱口貴光@AIとデータサイエンスが好きな薬剤師,pharma_i_cist,30,50,2026-03-30T00:00:00+09:00,2026-04-02T16:28:09.993852+09:00,2026-04-02T16:28:09.993852+09:00
this_week,2026-04-01,7547534,メイシン,mei_shin,7,57,2026-03-30T00:00:00+09:00,2026-04-02T16:28:09.993852+09:00,2026-04-02T16:28:09.993852+09:00
this_week,2026-04-01,4887086,はんく・シュンタナ🐤『塩化ビニール系女子』AIクリエイター兼プロデューサー,hunk_shuntana,5,45,2026-03-30T00:00:00+09:00,2026-04-02T16:28:09.993852+09:00,2026-04-02T16:28:09.993852+09:00
this_week,2026-04-02,2490558,だんだんありがと@めじゅ,dandan_arigato19,8,74,2026-03-30T00:00:00+09:00,2026-04-02T16:28:09.993852+09:00,2026-04-02T16:28:09.993852+09:00
this_week,2026-04-02,11634537,ナオユキ｜物語と知識のコンシェルジュ,ai_naoyuki,10,60,2026-03-30T00:00:00+09:00,2026-04-02T16:28:09.993852+09:00,2026-04-02T16:28:09.993852+09:00
this_week,2026-04-02,11058763,濱口貴光@AIとデータサイエンスが好きな薬剤師,pharma_i_cist,10,60,2026-03-30T00:00:00+09:00,2026-04-02T16:28:09.993852+09:00,2026-04-02T16:28:09.993852+09:00
this_week,2026-04-02,7547534,メイシン,mei_shin,0,57,2026-03-30T00:00:00+09:00,2026-04-02T16:28:09.993852+09:00,2026-04-02T16:28:09.993852+09:00
this_week,2026-04-02,4887086,はんく・シュンタナ🐤『塩化ビニール系女子』AIクリエイター兼プロデューサー,hunk_shuntana,10,55,2026-03-30T00:00:00+09:00,2026-04-02T16:28:09.993852+09:00,2026-04-02T16:28:09.993852+09:00
last_week,2026-03-23,12235137,ねんころ@AIクリエイター,nenkoro_life,155,155,2026-03-23T00:00:00+09:00,2026-03-29T23:59:59.999999+09:00,2026-04-02T16:28:09.993852+09:00
last_week,2026-03-23,2490558,だんだんありがと@めじゅ,dandan_arigato19,18,18,2026-03-23T00:00:00+09:00,2026-03-29T23:59:59.999999+09:00,2026-04-02T16:28:09.993852+09:00
last_week,2026-03-23,11634537,ナオユキ｜物語と知識のコンシェルジュ,ai_naoyuki,18,18,2026-03-23T00:00:00+09:00,2026-03-29T23:59:59.999999+09:00,2026-04-02T16:28:09.993852+09:00
last_week,2026-03-23,7547534,メイシン,mei_shin,13,13,2026-03-23T00:00:00+09:00,2026-03-29T23:59:59.999999+09:00,2026-04-02T16:28:09.993852+09:00
last_week,2026-03-23,3598618,はしゃも｜感情構造エンジニア,hasyamo,15,15,2026-03-23T00:00:00+09:00,2026-03-29T23:59:59.999999+09:00,2026-04-02T16:28:09.993852+09:00
last_week,2026-03-24,12235137,ねんころ@AIクリエイター,nenkoro_life,158,313,2026-03-23T00:00:00+09:00,2026-03-29T23:59:59.999999+09:00,2026-04-02T16:28:09.993852+09:00
last_week,2026-03-24,2490558,だんだんありがと@めじゅ,dandan_arigato19,68,86,2026-03-23T00:00:00+09:00,2026-03-29T23:59:59.999999+09:00,2026-04-02T16:28:09.993852+09:00
last_week,2026-03-24,11634537,ナオユキ｜物語と知識のコンシェルジュ,ai_naoyuki,10,28,2026-03-23T00:00:00+09:00,2026-03-29T23:59:59.999999+09:00,2026-04-02T16:28:09.993852+09:00
last_week,2026-03-24,7547534,メイシン,mei_shin,5,18,2026-03-23T00:00:00+09:00,2026-03-29T23:59:59.999999+09:00,2026-04-02T16:28:09.993852+09:00
last_week,2026-03-24,3598618,はしゃも｜感情構造エンジニア,hasyamo,78,93,2026-03-23T00:00:00+09:00,2026-03-29T23:59:59.999999+09:00,2026-04-02T16:28:09.993852+09:00
last_week,2026-03-25,12235137,ねんころ@AIクリエイター,nenkoro_life,128,441,2026-03-23T00:00:00+09:00,2026-03-29T23:59:59.999999+09:00,2026-04-02T16:28:09.993852+09:00
last_week,2026-03-25,2490558,だんだんありがと@めじゅ,dandan_arigato19,48,134,2026-03-23T00:00:00+09:00,2026-03-29T23:59:59.999999+09:00,2026-04-02T16:28:09.993852+09:00
last_week,2026-03-25,11634537,ナオユキ｜物語と知識のコンシェルジュ,ai_naoyuki,8,36,2026-03-23T00:00:00+09:00,2026-03-29T23:59:59.999999+09:00,2026-04-02T16:28:09.993852+09:00
last_week,2026-03-25,7547534,メイシン,mei_shin,0,18,2026-03-23T00:00:00+09:00,2026-03-29T23:59:59.999999+09:00,2026-04-02T16:28:09.993852+09:00
last_week,2026-03-25,3598618,はしゃも｜感情構造エンジニア,hasyamo,8,101,2026-03-23T00:00:00+09:00,2026-03-29T23:59:59.999999+09:00,2026-04-02T16:28:09.993852+09:00
last_week,2026-03-26,12235137,ねんころ@AIクリエイター,nenkoro_life,98,539,2026-03-23T00:00:00+09:00,2026-03-29T23:59:59.999999+09:00,2026-04-02T16:28:09.993852+09:00
last_week,2026-03-26,2490558,だんだんありがと@めじゅ,dandan_arigato19,38,172,2026-03-23T00:00:00+09:00,2026-03-29T23:59:59.999999+09:00,2026-04-02T16:28:09.993852+09:00
last_week,2026-03-26,11634537,ナオユキ｜物語と知識のコンシェルジュ,ai_naoyuki,38,74,2026-03-23T00:00:00+09:00,2026-03-29T23:59:59.999999+09:00,2026-04-02T16:28:09.993852+09:00
last_week,2026-03-26,7547534,メイシン,mei_shin,62,80,2026-03-23T00:00:00+09:00,2026-03-29T23:59:59.999999+09:00,2026-04-02T16:28:09.993852+09:00
last_week,2026-03-26,3598618,はしゃも｜感情構造エンジニア,hasyamo,0,101,2026-03-23T00:00:00+09:00,2026-03-29T23:59:59.999999+09:00,2026-04-02T16:28:09.993852+09:00
last_week,2026-03-27,12235137,ねんころ@AIクリエイター,nenkoro_life,35,574,2026-03-23T00:00:00+09:00,2026-03-29T23:59:59.999999+09:00,2026-04-02T16:28:09.993852+09:00
last_week,2026-03-27,2490558,だんだんありがと@めじゅ,dandan_arigato19,30,202,2026-03-23T00:00:00+09:00,2026-03-29T23:59:59.999999+09:00,2026-04-02T16:28:09.993852+09:00
last_week,2026-03-27,11634537,ナオユキ｜物語と知識のコンシェルジュ,ai_naoyuki,58,132,2026-03-23T00:00:00+09:00,2026-03-29T23:59:59.999999+09:00,2026-04-02T16:28:09.993852+09:00
last_week,2026-03-27,7547534,メイシン,mei_shin,0,80,2026-03-23T00:00:00+09:00,2026-03-29T23:59:59.999999+09:00,2026-04-02T16:28:09.993852+09:00
last_week,2026-03-27,3598618,はしゃも｜感情構造エンジニア,hasyamo,10,111,2026-03-23T00:00:00+09:00,2026-03-29T23:59:59.999999+09:00,2026-04-02T16:28:09.993852+09:00
last_week,2026-03-28,12235137,ねんころ@AIクリエイター,nenkoro_life,8,582,2026-03-23T00:00:00+09:00,2026-03-29T23:59:59.999999+09:00,2026-04-02T16:28:09.993852+09:00
last_week,2026-03-28,2490558,だんだんありがと@めじゅ,dandan_arigato19,10,212,2026-03-23T00:00:00+09:00,2026-03-29T23:59:59.999999+09:00,2026-04-02T16:28:09.993852+09:00
last_week,2026-03-28,11634537,ナオユキ｜物語と知識のコンシェルジュ,ai_naoyuki,70,202,2026-03-23T00:00:00+09:00,2026-03-29T23:59:59.999999+09:00,2026-04-02T16:28:09.993852+09:00
last_week,2026-03-28,7547534,メイシン,mei_shin,93,173,2026-03-23T00:00:00+09:00,2026-03-29T23:59:59.999999+09:00,2026-04-02T16:28:09.993852+09:00
last_week,2026-03-28,3598618,はしゃも｜感情構造エンジニア,hasyamo,0,111,2026-03-23T00:00:00+09:00,2026-03-29T23:59:59.999999+09:00,2026-04-02T16:28:09.993852+09:00
last_week,2026-03-29,12235137,ねんころ@AIクリエイター,nenkoro_life,8,590,2026-03-23T00:00:00+09:00,2026-03-29T23:59:59.999999+09:00,2026-04-02T16:28:09.993852+09:00
last_week,2026-03-29,2490558,だんだんありがと@めじゅ,dandan_arigato19,42,254,2026-03-23T00:00:00+09:00,2026-03-29T23:59:59.999999+09:00,2026-04-02T16:28:09.993852+09:00
last_week,2026-03-29,11634537,ナオユキ｜物語と知識のコンシェルジュ,ai_naoyuki,10,212,2026-03-23T00:00:00+09:00,2026-03-29T23:59:59.999999+09:00,2026-04-02T16:28:09.993852+09:00
last_week,2026-03-29,7547534,メイシン,mei_shin,38,211,2026-03-23T00:00:00+09:00,2026-03-29T23:59:59.999999+09:00,2026-04-02T16:28:09.993852+09:00
last_week,2026-03-29,3598618,はしゃも｜感情構造エンジニア,hasyamo,15,126,2026-03-23T00:00:00+09:00,2026-03-29T23:59:59.999999+09:00,2026-04-02T16:28:09.993852+09:00
monthly,2026-04-01,2490558,だんだんありがと@めじゅ,dandan_arigato19,50,50,2026-04-01T00:00:00+09:00,2026-04-02T16:28:09.993852+09:00,2026-04-02T16:28:09.993852+09:00
monthly,2026-04-01,11058763,濱口貴光@AIとデータサイエンスが好きな薬剤師,pharma_i_cist,30,30,2026-04-01T00:00:00+09:00,2026-04-02T16:28:09.993852+09:00,2026-04-02T16:28:09.993852+09:00
monthly,2026-04-01,11634537,ナオユキ｜物語と知識のコンシェルジュ,ai_naoyuki,20,20,2026-04-01T00:00:00+09:00,2026-04-02T16:28:09.993852+09:00,2026-04-02T16:28:09.993852+09:00
monthly,2026-04-01,12197172,緑どんぐり,green_donguri,10,10,2026-04-01T00:00:00+09:00,2026-04-02T16:28:09.993852+09:00,2026-04-02T16:28:09.993852+09:00
monthly,2026-04-01,11782803,心野けいか🐹（ハムスターの人）,koko_kei,10,10,2026-04-01T00:00:00+09:00,2026-04-02T16:28:09.993852+09:00,2026-04-02T16:28:09.993852+09:00
monthly,2026-04-02,2490558,だんだんありがと@めじゅ,dandan_arigato19,8,58,2026-04-01T00:00:00+09:00,2026-04-02T16:28:09.993852+09:00,2026-04-02T16:28:09.993852+09:00
monthly,2026-04-02,11058763,濱口貴光@AIとデータサイエンスが好きな薬剤師,pharma_i_cist,10,40,2026-04-01T00:00:00+09:00,2026-04-02T16:28:09.993852+09:00,2026-04-02T16:28:09.993852+09:00
monthly,2026-04-02,11634537,ナオユキ｜物語と知識のコンシェルジュ,ai_naoyuki,10,30,2026-04-01T00:00:00+09:00,2026-04-02T16:28:09.993852+09:00,2026-04-02T16:28:09.993852+09:00
monthly,2026-04-02,12197172,緑どんぐり,green_donguri,10,20,2026-04-01T00:00:00+09:00,2026-04-02T16:28:09.993852+09:00,2026-04-02T16:28:09.993852+09:00
monthly,2026-04-02,11782803,心野けいか🐹（ハムスターの人）,koko_kei,10,20,2026-04-01T00:00:00+09:00,2026-04-02T16:28:09.993852+09:00,2026-04-02T16:28:09.993852+09:00
last_month,2026-03-01,12235137,ねんころ@AIクリエイター,nenkoro_life,10,10,2026-03-01T00:00:00+09:00,2026-03-31T23:59:59.999999+09:00,2026-04-02T16:28:09.993852+09:00
last_month,2026-03-01,2490558,だんだんありがと@めじゅ,dandan_arigato19,20,20,2026-03-01T00:00:00+09:00,2026-03-31T23:59:59.999999+09:00,2026-04-02T16:28:09.993852+09:00
last_month,2026-03-01,7547534,メイシン,mei_shin,18,18,2026-03-01T00:00:00+09:00,2026-03-31T23:59:59.999999+09:00,2026-04-02T16:28:09.993852+09:00
last_month,2026-03-01,3598618,はしゃも｜感情構造エンジニア,hasyamo,10,10,2026-03-01T00:00:00+09:00,2026-03-31T23:59:59.999999+09:00,2026-04-02T16:28:09.993852+09:00
last_month,2026-03-01,10332488,ななな（菜奈）｜もやもや減らし屋👀♡🗣️よはくの哲学（ナラティヴ×構造×意味）,alive_prawn4206,10,10,2026-03-01T00:00:00+09:00,2026-03-31T23:59:59.999999+09:00,2026-04-02T16:28:09.993852+09:00
last_month,2026-03-02,12235137,ねんころ@AIクリエイター,nenkoro_life,8,18,2026-03-01T00:00:00+09:00,2026-03-31T23:59:59.999999+09:00,2026-04-02T16:28:09.993852+09:00
last_month,2026-03-02,2490558,だんだんありがと@めじゅ,dandan_arigato19,8,28,2026-03-01T00:00:00+09:00,2026-03-31T23:59:59.999999+09:00,2026-04-02T16:28:09.993852+09:00
last_month,2026-03-02,7547534,メイシン,mei_shin,0,18,2026-03-01T00:00:00+09:00,2026-03-31T23:59:59.999999+09:00,2026-04-02T16:28:09.993852+09:00
last_month,2026-03-02,3598618,はしゃも｜感情構造エンジニア,hasyamo,8,18,2026-03-01T00:00:00+09:00,2026-03-31T23:59:59.999999+09:00,2026-04-02T16:28:09.993852+09:00
last_month,2026-03-02,10332488,ななな（菜奈）｜もやもや減らし屋👀♡🗣️よはくの哲学（ナラティヴ×構造×意味）,alive_prawn4206,10,20,2026-03-01T00:00:00+09:00,2026-03-31T23:59:59.999999+09:00,2026-04-02T16:28:09.993852+09:00
last_month,2026-03-03,12235137,ねんころ@AIクリエイター,nenkoro_life,8,26,2026-03-01T00:00:00+09:00,2026-03-31T23:59:59.999999+09:00,2026-04-02T16:28:09.993852+09:00
last_month,2026-03-03,2490558,だんだんありがと@めじゅ,dandan_arigato19,38,66,2026-03-01T00:00:00+09:00,2026-03-31T23:59:59.999999+09:00,2026-04-02T16:28:09.993852+09:00
last_month,2026-03-03,7547534,メイシン,mei_shin,7,25,2026-03-01T00:00:00+09:00,2026-03-31T23:59:59.999999+09:00,2026-04-02T16:28:09.993852+09:00
last_month,2026-03-03,3598618,はしゃも｜感情構造エンジニア,hasyamo,8,26,2026-03-01T00:00:00+09:00,2026-03-31T23:59:59.999999+09:00,2026-04-02T16:28:09.993852+09:00
last_month,2026-03-03,10332488,ななな（菜奈）｜もやもや減らし屋👀♡🗣️よはくの哲学（ナラティヴ×構造×意味）,alive_prawn4206,10,30,2026-03-01T00:00:00+09:00,2026-03-31T23:59:59.999999+09:00,2026-04-02T16:28:09.993852+09:00
last_month,2026-03-04,12235137,ねんころ@AIクリエイター,nenkoro_life,5,31,2026-03-01T00:00:00+09:00,2026-03-31T23:59:59.999999+09:00,2026-04-02T16:28:09.993852+09:00
last_month,2026-03-04,2490558,だんだんありがと@めじゅ,dandan_arigato19,18,84,2026-03-01T00:00:00+09:00,2026-03-31T23:59:59.999999+09:00,2026-04-02T16:28:09.993852+09:00
last_month,2026-03-04,7547534,メイシン,mei_shin,20,45,2026-03-01T00:00:00+09:00,2026-03-31T23:59:59.999999+09:00,2026-04-02T16:28:09.993852+09:00
last_month,2026-03-04,3598618,はしゃも｜感情構造エンジニア,hasyamo,5,31,2026-03-01T00:00:00+09:00,2026-03-31T23:59:59.999999+09:00,2026-04-02T16:28:09.993852+09:00
last_month,2026-03-04,10332488,ななな（菜奈）｜もやもや減らし屋👀♡🗣️よはくの哲学（ナラティヴ×構造×意味）,alive_prawn4206,30,60,2026-03-01T00:00:00+09:00,2026-03-31T23:59:59.999999+09:00,2026-04-02T16:28:09.993852+09:00
last_month,2026-03-05,12235137,ねんころ@AIクリエイター,nenkoro_life,8,39,2026-03-01T00:00:00+09:00,2026-03-31T23:59:59.999999+09:00,2026-04-02T16:28:09.993852+09:00
last_month,2026-03-05,2490558,だんだんありがと@めじゅ,dandan_arigato19,5,89,2026-03-01T00:00:00+09:00,2026-03-31T23:59:59.999999+09:00,2026-04-02T16:28:09.993852+09:00
last_month,2026-03-05,7547534,メイシン,mei_shin,0,45,2026-03-01T00:00:00+09:00,2026-03-31T23:59:59.999999+09:00,2026-04-02T16:28:09.993852+09:00
last_month,2026-03-05,3598618,はしゃも｜感情構造エンジニア,hasyamo,5,36,2026-03-01T00:00:00+09:00,2026-03-31T23:59:59.999999+09:00,2026-04-02T16:28:09.993852+09:00
last_month,2026-03-05,10332488,ななな（菜奈）｜もやもや減らし屋👀♡🗣️よはくの哲学（ナラティヴ×構造×意味）,alive_prawn4206,0,60,2026-03-01T00:00:00+09:00,2026-03-31T23:59:59.999999+09:00,2026-04-02T16:28:09.993852+09:00
last_month,2026-03-06,12235137,ねんころ@AIクリエイター,nenkoro_life,8,47,2026-03-01T00:00:00+09:00,2026-03-31T23:59:59.999999+09:00,2026-04-02T16:28:09.993852+09:00
last_month,2026-03-06,2490558,だんだんありがと@めじゅ,dandan_arigato19,60,149,2026-03-01T00:00:00+09:00,2026-03-31T23:59:59.999999+09:00,2026-04-02T16:28:09.993852+09:00
last_month,2026-03-06,7547534,メイシン,mei_shin,12,57,2026-03-01T00:00:00+09:00,2026-03-31T23:59:59.999999+09:00,2026-04-02T16:28:09.993852+09:00
last_month,2026-03-06,3598618,はしゃも｜感情構造エンジニア,hasyamo,8,44,2026-03-01T00:00:00+09:00,2026-03-31T23:59:59.999999+09:00,2026-04-02T16:28:09.993852+09:00
last_month,2026-03-06,10332488,ななな（菜奈）｜もやもや減らし屋👀♡🗣️よはくの哲学（ナラティヴ×構造×意味）,alive_prawn4206,0,60,2026-03-01T00:00:00+09:00,2026-03-31T23:59:59.999999+09:00,2026-04-02T16:28:09.993852+09:00
last_month,2026-03-07,12235137,ねんころ@AIクリエイター,nenkoro_life,15,62,2026-03-01T00:00:00+09:00,2026-03-31T23:59:59.999999+09:00,2026-04-02T16:28:09.993852+09:00
last_month,2026-03-07,2490558,だんだんありがと@めじゅ,dandan_arigato19,10,159,2026-03-01T00:00:00+09:00,2026-03-31T23:59:59.999999+09:00,2026-04-02T16:28:09.993852+09:00
last_month,2026-03-07,7547534,メイシン,mei_shin,0,57,2026-03-01T00:00:00+09:00,2026-03-31T23:59:59.999999+09:00,2026-04-02T16:28:09.993852+09:00
last_month,2026-03-07,3598618,はしゃも｜感情構造エンジニア,hasyamo,18,62,2026-03-01T00:00:00+09:00,2026-03-31T23:59:59.999999+09:00,2026-04-02T16:28:09.993852+09:00
last_month,2026-03-07,10332488,ななな（菜奈）｜もやもや減らし屋👀♡🗣️よはくの哲学（ナラティヴ×構造×意味）,alive_prawn4206,10,70,2026-03-01T00:00:00+09:00,2026-03-31T23:59:59.999999+09:00,2026-04-02T16:28:09.993852+09:00
last_month,2026-03-08,12235137,ねんころ@AIクリエイター,nenkoro_life,13,75,2026-03-01T00:00:00+09:00,2026-03-31T23:59:59.999999+09:00,2026-04-02T16:28:09.993852+09:00
last_month,2026-03-08,2490558,だんだんありがと@めじゅ,dandan_arigato19,8,167,2026-03-01T00:00:00+09:00,2026-03-31T23:59:59.999999+09:00,2026-04-02T16:28:09.993852+09:00
last_month,2026-03-08,7547534,メイシン,mei_shin,5,62,2026-03-01T00:00:00+09:00,2026-03-31T23:59:59.999999+09:00,2026-04-02T16:28:09.993852+09:00
last_month,2026-03-08,3598618,はしゃも｜感情構造エンジニア,hasyamo,13,75,2026-03-01T00:00:00+09:00,2026-03-31T23:59:59.999999+09:00,2026-04-02T16:28:09.993852+09:00
last_month,2026-03-08,10332488,ななな（菜奈）｜もやもや減らし屋👀♡🗣️よはくの哲学（ナラティヴ×構造×意味）,alive_prawn4206,10,80,2026-03-01T00:00:00+09:00,2026-03-31T23:59:59.999999+09:00,2026-04-02T16:28:09.993852+09:00
last_month,2026-03-09,12235137,ねんころ@AIクリエイター,nenkoro_life,5,80,2026-03-01T00:00:00+09:00,2026-03-31T23:59:59.999999+09:00,2026-04-02T16:28:09.993852+09:00
last_month,2026-03-09,2490558,だんだんありがと@めじゅ,dandan_arigato19,12,179,2026-03-01T00:00:00+09:00,2026-03-31T23:59:59.999999+09:00,2026-04-02T16:28:09.993852+09:00
last_month,2026-03-09,7547534,メイシン,mei_shin,0,62,2026-03-01T00:00:00+09:00,2026-03-31T23:59:59.999999+09:00,2026-04-02T16:28:09.993852+09:00
last_month,2026-03-09,3598618,はしゃも｜感情構造エンジニア,hasyamo,5,80,2026-03-01T00:00:00+09:00,2026-03-31T23:59:59.999999+09:00,2026-04-02T16:28:09.993852+09:00
last_month,2026-03-09,10332488,ななな（菜奈）｜もやもや減らし屋👀♡🗣️よはくの哲学（ナラティヴ×構造×意味）,alive_prawn4206,15,95,2026-03-01T00:00:00+09:00,2026-03-31T23:59:59.999999+09:00,2026-04-02T16:28:09.993852+09:00
last_month,2026-03-10,12235137,ねんころ@AIクリエイター,nenkoro_life,5,85,2026-03-01T00:00:00+09:00,2026-03-31T23:59:59.999999+09:00,2026-04-02T16:28:09.993852+09:00
last_month,2026-03-10,2490558,だんだんありがと@めじゅ,dandan_arigato19,13,192,2026-03-01T00:00:00+09:00,2026-03-31T23:59:59.999999+09:00,2026-04-02T16:28:09.993852+09:00
last_month,2026-03-10,7547534,メイシン,mei_shin,7,69,2026-03-01T00:00:00+09:00,2026-03-31T23:59:59.999999+09:00,2026-04-02T16:28:09.993852+09:00
last_month,2026-03-10,3598618,はしゃも｜感情構造エンジニア,hasyamo,8,88,2026-03-01T00:00:00+09:00,2026-03-31T23:59:59.999999+09:00,2026-04-02T16:28:09.993852+09:00
last_month,2026-03-10,10332488,ななな（菜奈）｜もやもや減らし屋👀♡🗣️よはくの哲学（ナラティヴ×構造×意味）,alive_prawn4206,10,105,2026-03-01T00:00:00+09:00,2026-03-31T23:59:59.999999+09:00,2026-04-02T16:28:09.993852+09:00
last_month,2026-03-11,12235137,ねんころ@AIクリエイター,nenkoro_life,5,90,2026-03-01T00:00:00+09:00,2026-03-31T23:59:59.999999+09:00,2026-04-02T16:28:09.993852+09:00
last_month,2026-03-11,2490558,だんだんありがと@めじゅ,dandan_arigato19,8,200,2026-03-01T00:00:00+09:00,2026-03-31T23:59:59.999999+09:00,2026-04-02T16:28:09.993852+09:00
last_month,2026-03-11,7547534,メイシン,mei_shin,0,69,2026-03-01T00:00:00+09:00,2026-03-31T23:59:59.999999+09:00,2026-04-02T16:28:09.993852+09:00
last_month,2026-03-11,3598618,はしゃも｜感情構造エンジニア,hasyamo,0,88,2026-03-01T00:00:00+09:00,2026-03-31T23:59:59.999999+09:00,2026-04-02T16:28:09.993852+09:00
last_month,2026-03-11,10332488,ななな（菜奈）｜もやもや減らし屋👀♡🗣️よはくの哲学（ナラティヴ×構造×意味）,alive_prawn4206,10,115,2026-03-01T00:00:00+09:00,2026-03-31T23:59:59.999999+09:00,2026-04-02T16:28:09.993852+09:00
last_month,2026-03-12,12235137,ねんころ@AIクリエイター,nenkoro_life,5,95,2026-03-01T00:00:00+09:00,2026-03-31T23:59:59.999999+09:00,2026-04-02T16:28:09.993852+09:00
last_month,2026-03-12,2490558,だんだんありがと@めじゅ,dandan_arigato19,8,208,2026-03-01T00:00:00+09:00,2026-03-31T23:59:59.999999+09:00,2026-04-02T16:28:09.993852+09:00
last_month,2026-03-12,7547534,メイシン,mei_shin,0,69,2026-03-01T00:00:00+09:00,2026-03-31T23:59:59.999999+09:00,2026-04-02T16:28:09.993852+09:00
last_month,2026-03-12,3598618,はしゃも｜感情構造エンジニア,hasyamo,15,103,2026-03-01T00:00:00+09:00,2026-03-31T23:59:59.999999+09:00,2026-04-02T16:28:09.993852+09:00
last_month,2026-03-12,10332488,ななな（菜奈）｜もやもや減らし屋👀♡🗣️よはくの哲学（ナラティヴ×構造×意味）,alive_prawn4206,0,115,2026-03-01T00:00:00+09:00,2026-03-31T23:59:59.999999+09:00,2026-04-02T16:28:09.993852+09:00
last_month,2026-03-13,12235137,ねんころ@AIクリエイター,nenkoro_life,18,113,2026-03-01T00:00:00+09:00,2026-03-31T23:59:59.999999+09:00,2026-04-02T16:28:09.993852+09:00
last_month,2026-03-13,2490558,だんだんありがと@めじゅ,dandan_arigato19,18,226,2026-03-01T00:00:00+09:00,2026-03-31T23:59:59.999999+09:00,2026-04-02T16:28:09.993852+09:00
last_month,2026-03-13,7547534,メイシン,mei_shin,20,89,2026-03-01T00:00:00+09:00,2026-03-31T23:59:59.999999+09:00,2026-04-02T16:28:09.993852+09:00
last_month,2026-03-13,3598618,はしゃも｜感情構造エンジニア,hasyamo,8,111,2026-03-01T00:00:00+09:00,2026-03-31T23:59:59.999999+09:00,2026-04-02T16:28:09.993852+09:00
last_month,2026-03-13,10332488,ななな（菜奈）｜もやもや減らし屋👀♡🗣️よはくの哲学（ナラティヴ×構造×意味）,alive_prawn4206,20,135,2026-03-01T00:00:00+09:00,2026-03-31T23:59:59.999999+09:00,2026-04-02T16:28:09.993852+09:00
last_month,2026-03-14,12235137,ねんころ@AIクリエイター,nenkoro_life,8,121,2026-03-01T00:00:00+09:00,2026-03-31T23:59:59.999999+09:00,2026-04-02T16:28:09.993852+09:00
last_month,2026-03-14,2490558,だんだんありがと@めじゅ,dandan_arigato19,18,244,2026-03-01T00:00:00+09:00,2026-03-31T23:59:59.999999+09:00,2026-04-02T16:28:09.993852+09:00
last_month,2026-03-14,7547534,メイシン,mei_shin,22,111,2026-03-01T00:00:00+09:00,2026-03-31T23:59:59.999999+09:00,2026-04-02T16:28:09.993852+09:00
last_month,2026-03-14,3598618,はしゃも｜感情構造エンジニア,hasyamo,5,116,2026-03-01T00:00:00+09:00,2026-03-31T23:59:59.999999+09:00,2026-04-02T16:28:09.993852+09:00
last_month,2026-03-14,10332488,ななな（菜奈）｜もやもや減らし屋👀♡🗣️よはくの哲学（ナラティヴ×構造×意味）,alive_prawn4206,10,145,2026-03-01T00:00:00+09:00,2026-03-31T23:59:59.999999+09:00,2026-04-02T16:28:09.993852+09:00
last_month,2026-03-15,12235137,ねんころ@AIクリエイター,nenkoro_life,5,126,2026-03-01T00:00:00+09:00,2026-03-31T23:59:59.999999+09:00,2026-04-02T16:28:09.993852+09:00
last_month,2026-03-15,2490558,だんだんありがと@めじゅ,dandan_arigato19,5,249,2026-03-01T00:00:00+09:00,2026-03-31T23:59:59.999999+09:00,2026-04-02T16:28:09.993852+09:00
last_month,2026-03-15,7547534,メイシン,mei_shin,0,111,2026-03-01T00:00:00+09:00,2026-03-31T23:59:59.999999+09:00,2026-04-02T16:28:09.993852+09:00
last_month,2026-03-15,3598618,はしゃも｜感情構造エンジニア,hasyamo,0,116,2026-03-01T00:00:00+09:00,2026-03-31T23:59:59.999999+09:00,2026-04-02T16:28:09.993852+09:00
last_month,2026-03-15,10332488,ななな（菜奈）｜もやもや減らし屋👀♡🗣️よはくの哲学（ナラティヴ×構造×意味）,alive_prawn4206,10,155,2026-03-01T00:00:00+09:00,2026-03-31T23:59:59.999999+09:00,2026-04-02T16:28:09.993852+09:00
last_month,2026-03-16,12235137,ねんころ@AIクリエイター,nenkoro_life,8,134,2026-03-01T00:00:00+09:00,2026-03-31T23:59:59.999999+09:00,2026-04-02T16:28:09.993852+09:00
last_month,2026-03-16,2490558,だんだんありがと@めじゅ,dandan_arigato19,8,257,2026-03-01T00:00:00+09:00,2026-03-31T23:59:59.999999+09:00,2026-04-02T16:28:09.993852+09:00
last_month,2026-03-16,7547534,メイシン,mei_shin,10,121,2026-03-01T00:00:00+09:00,2026-03-31T23:59:59.999999+09:00,2026-04-02T16:28:09.993852+09:00
last_month,2026-03-16,3598618,はしゃも｜感情構造エンジニア,hasyamo,25,141,2026-03-01T00:00:00+09:00,2026-03-31T23:59:59.999999+09:00,2026-04-02T16:28:09.993852+09:00
last_month,2026-03-16,10332488,ななな（菜奈）｜もやもや減らし屋👀♡🗣️よはくの哲学（ナラティヴ×構造×意味）,alive_prawn4206,10,165,2026-03-01T00:00:00+09:00,2026-03-31T23:59:59.999999+09:00,2026-04-02T16:28:09.993852+09:00
last_month,2026-03-17,12235137,ねんころ@AIクリエイター,nenkoro_life,8,142,2026-03-01T00:00:00+09:00,2026-03-31T23:59:59.999999+09:00,2026-04-02T16:28:09.993852+09:00
last_month,2026-03-17,2490558,だんだんありがと@めじゅ,dandan_arigato19,0,257,2026-03-01T00:00:00+09:00,2026-03-31T23:59:59.999999+09:00,2026-04-02T16:28:09.993852+09:00
last_month,2026-03-17,7547534,メイシン,mei_shin,0,121,2026-03-01T00:00:00+09:00,2026-03-31T23:59:59.999999+09:00,2026-04-02T16:28:09.993852+09:00
last_month,2026-03-17,3598618,はしゃも｜感情構造エンジニア,hasyamo,5,146,2026-03-01T00:00:00+09:00,2026-03-31T23:59:59.999999+09:00,2026-04-02T16:28:09.993852+09:00
last_month,2026-03-17,10332488,ななな（菜奈）｜もやもや減らし屋👀♡🗣️よはくの哲学（ナラティヴ×構造×意味）,alive_prawn4206,0,165,2026-03-01T00:00:00+09:00,2026-03-31T23:59:59.999999+09:00,2026-04-02T16:28:09.993852+09:00
last_month,2026-03-18,12235137,ねんころ@AIクリエイター,nenkoro_life,5,147,2026-03-01T00:00:00+09:00,2026-03-31T23:59:59.999999+09:00,2026-04-02T16:28:09.993852+09:00
last_month,2026-03-18,2490558,だんだんありがと@めじゅ,dandan_arigato19,8,265,2026-03-01T00:00:00+09:00,2026-03-31T23:59:59.999999+09:00,2026-04-02T16:28:09.993852+09:00
last_month,2026-03-18,7547534,メイシン,mei_shin,8,129,2026-03-01T00:00:00+09:00,2026-03-31T23:59:59.999999+09:00,2026-04-02T16:28:09.993852+09:00
last_month,2026-03-18,3598618,はしゃも｜感情構造エンジニア,hasyamo,5,151,2026-03-01T00:00:00+09:00,2026-03-31T23:59:59.999999+09:00,2026-04-02T16:28:09.993852+09:00
last_month,2026-03-18,10332488,ななな（菜奈）｜もやもや減らし屋👀♡🗣️よはくの哲学（ナラティヴ×構造×意味）,alive_prawn4206,10,175,2026-03-01T00:00:00+09:00,2026-03-31T23:59:59.999999+09:00,2026-04-02T16:28:09.993852+09:00
last_month,2026-03-19,12235137,ねんころ@AIクリエイター,nenkoro_life,5,152,2026-03-01T00:00:00+09:00,2026-03-31T23:59:59.999999+09:00,2026-04-02T16:28:09.993852+09:00
last_month,2026-03-19,2490558,だんだんありがと@めじゅ,dandan_arigato19,0,265,2026-03-01T00:00:00+09:00,2026-03-31T23:59:59.999999+09:00,2026-04-02T16:28:09.993852+09:00
last_month,2026-03-19,7547534,メイシン,mei_shin,8,137,2026-03-01T00:00:00+09:00,2026-03-31T23:59:59.999999+09:00,2026-04-02T16:28:09.993852+09:00
last_month,2026-03-19,3598618,はしゃも｜感情構造エンジニア,hasyamo,13,164,2026-03-01T00:00:00+09:00,2026-03-31T23:59:59.999999+09:00,2026-04-02T16:28:09.993852+09:00
last_month,2026-03-19,10332488,ななな（菜奈）｜もやもや減らし屋👀♡🗣️よはくの哲学（ナラティヴ×構造×意味）,alive_prawn4206,10,185,2026-03-01T00:00:00+09:00,2026-03-31T23:59:59.999999+09:00,2026-04-02T16:28:09.993852+09:00
last_month,2026-03-20,12235137,ねんころ@AIクリエイター,nenkoro_life,13,165,2026-03-01T00:00:00+09:00,2026-03-31T23:59:59.999999+09:00,2026-04-02T16:28:09.993852+09:00
last_month,2026-03-20,2490558,だんだんありがと@めじゅ,dandan_arigato19,33,298,2026-03-01T00:00:00+09:00,2026-03-31T23:59:59.999999+09:00,2026-04-02T16:28:09.993852+09:00
last_month,2026-03-20,7547534,メイシン,mei_shin,30,167,2026-03-01T00:00:00+09:00,2026-03-31T23:59:59.999999+09:00,2026-04-02T16:28:09.993852+09:00
last_month,2026-03-20,3598618,はしゃも｜感情構造エンジニア,hasyamo,8,172,2026-03-01T00:00:00+09:00,2026-03-31T23:59:59.999999+09:00,2026-04-02T16:28:09.993852+09:00
last_month,2026-03-20,10332488,ななな（菜奈）｜もやもや減らし屋👀♡🗣️よはくの哲学（ナラティヴ×構造×意味）,alive_prawn4206,10,195,2026-03-01T00:00:00+09:00,2026-03-31T23:59:59.999999+09:00,2026-04-02T16:28:09.993852+09:00
last_month,2026-03-21,12235137,ねんころ@AIクリエイター,nenkoro_life,8,173,2026-03-01T00:00:00+09:00,2026-03-31T23:59:59.999999+09:00,2026-04-02T16:28:09.993852+09:00
last_month,2026-03-21,2490558,だんだんありがと@めじゅ,dandan_arigato19,5,303,2026-03-01T00:00:00+09:00,2026-03-31T23:59:59.999999+09:00,2026-04-02T16:28:09.993852+09:00
last_month,2026-03-21,7547534,メイシン,mei_shin,20,187,2026-03-01T00:00:00+09:00,2026-03-31T23:59:59.999999+09:00,2026-04-02T16:28:09.993852+09:00
last_month,2026-03-21,3598618,はしゃも｜感情構造エンジニア,hasyamo,16,188,2026-03-01T00:00:00+09:00,2026-03-31T23:59:59.999999+09:00,2026-04-02T16:28:09.993852+09:00
last_month,2026-03-21,10332488,ななな（菜奈）｜もやもや減らし屋👀♡🗣️よはくの哲学（ナラティヴ×構造×意味）,alive_prawn4206,20,215,2026-03-01T00:00:00+09:00,2026-03-31T23:59:59.999999+09:00,2026-04-02T16:28:09.993852+09:00
last_month,2026-03-22,12235137,ねんころ@AIクリエイター,nenkoro_life,8,181,2026-03-01T00:00:00+09:00,2026-03-31T23:59:59.999999+09:00,2026-04-02T16:28:09.993852+09:00
last_month,2026-03-22,2490558,だんだんありがと@めじゅ,dandan_arigato19,13,316,2026-03-01T00:00:00+09:00,2026-03-31T23:59:59.999999+09:00,2026-04-02T16:28:09.993852+09:00
last_month,2026-03-22,7547534,メイシン,mei_shin,8,195,2026-03-01T00:00:00+09:00,2026-03-31T23:59:59.999999+09:00,2026-04-02T16:28:09.993852+09:00
last_month,2026-03-22,3598618,はしゃも｜感情構造エンジニア,hasyamo,8,196,2026-03-01T00:00:00+09:00,2026-03-31T23:59:59.999999+09:00,2026-04-02T16:28:09.993852+09:00
last_month,2026-03-22,10332488,ななな（菜奈）｜もやもや減らし屋👀♡🗣️よはくの哲学（ナラティヴ×構造×意味）,alive_prawn4206,10,225,2026-03-01T00:00:00+09:00,2026-03-31T23:59:59.999999+09:00,2026-04-02T16:28:09.993852+09:00
last_month,2026-03-23,12235137,ねんころ@AIクリエイター,nenkoro_life,155,336,2026-03-01T00:00:00+09:00,2026-03-31T23:59:59.999999+09:00,2026-04-02T16:28:09.993852+09:00
last_month,2026-03-23,2490558,だんだんありがと@めじゅ,dandan_arigato19,18,334,2026-03-01T00:00:00+09:00,2026-03-31T23:59:59.999999+09:00,2026-04-02T16:28:09.993852+09:00
last_month,2026-03-23,7547534,メイシン,mei_shin,13,208,2026-03-01T00:00:00+09:00,2026-03-31T23:59:59.999999+09:00,2026-04-02T16:28:09.993852+09:00
last_month,2026-03-23,3598618,はしゃも｜感情構造エンジニア,hasyamo,15,211,2026-03-01T00:00:00+09:00,2026-03-31T23:59:59.999999+09:00,2026-04-02T16:28:09.993852+09:00
last_month,2026-03-23,10332488,ななな（菜奈）｜もやもや減らし屋👀♡🗣️よはくの哲学（ナラティヴ×構造×意味）,alive_prawn4206,20,245,2026-03-01T00:00:00+09:00,2026-03-31T23:59:59.999999+09:00,2026-04-02T16:28:09.993852+09:00
last_month,2026-03-24,12235137,ねんころ@AIクリエイター,nenkoro_life,158,494,2026-03-01T00:00:00+09:00,2026-03-31T23:59:59.999999+09:00,2026-04-02T16:28:09.993852+09:00
last_month,2026-03-24,2490558,だんだんありがと@めじゅ,dandan_arigato19,68,402,2026-03-01T00:00:00+09:00,2026-03-31T23:59:59.999999+09:00,2026-04-02T16:28:09.993852+09:00
last_month,2026-03-24,7547534,メイシン,mei_shin,5,213,2026-03-01T00:00:00+09:00,2026-03-31T23:59:59.999999+09:00,2026-04-02T16:28:09.993852+09:00
last_month,2026-03-24,3598618,はしゃも｜感情構造エンジニア,hasyamo,78,289,2026-03-01T00:00:00+09:00,2026-03-31T23:59:59.999999+09:00,2026-04-02T16:28:09.993852+09:00
last_month,2026-03-24,10332488,ななな（菜奈）｜もやもや減らし屋👀♡🗣️よはくの哲学（ナラティヴ×構造×意味）,alive_prawn4206,10,255,2026-03-01T00:00:00+09:00,2026-03-31T23:59:59.999999+09:00,2026-04-02T16:28:09.993852+09:00
last_month,2026-03-25,12235137,ねんころ@AIクリエイター,nenkoro_life,128,622,2026-03-01T00:00:00+09:00,2026-03-31T23:59:59.999999+09:00,2026-04-02T16:28:09.993852+09:00
last_month,2026-03-25,2490558,だんだんありがと@めじゅ,dandan_arigato19,48,450,2026-03-01T00:00:00+09:00,2026-03-31T23:59:59.999999+09:00,2026-04-02T16:28:09.993852+09:00
last_month,2026-03-25,7547534,メイシン,mei_shin,0,213,2026-03-01T00:00:00+09:00,2026-03-31T23:59:59.999999+09:00,2026-04-02T16:28:09.993852+09:00
last_month,2026-03-25,3598618,はしゃも｜感情構造エンジニア,hasyamo,8,297,2026-03-01T00:00:00+09:00,2026-03-31T23:59:59.999999+09:00,2026-04-02T16:28:09.993852+09:00
last_month,2026-03-25,10332488,ななな（菜奈）｜もやもや減らし屋👀♡🗣️よはくの哲学（ナラティヴ×構造×意味）,alive_prawn4206,10,265,2026-03-01T00:00:00+09:00,2026-03-31T23:59:59.999999+09:00,2026-04-02T16:28:09.993852+09:00
last_month,2026-03-26,12235137,ねんころ@AIクリエイター,nenkoro_life,98,720,2026-03-01T00:00:00+09:00,2026-03-31T23:59:59.999999+09:00,2026-04-02T16:28:09.993852+09:00
last_month,2026-03-26,2490558,だんだんありがと@めじゅ,dandan_arigato19,38,488,2026-03-01T00:00:00+09:00,2026-03-31T23:59:59.999999+09:00,2026-04-02T16:28:09.993852+09:00
last_month,2026-03-26,7547534,メイシン,mei_shin,62,275,2026-03-01T00:00:00+09:00,2026-03-31T23:59:59.999999+09:00,2026-04-02T16:28:09.993852+09:00
last_month,2026-03-26,3598618,はしゃも｜感情構造エンジニア,hasyamo,0,297,2026-03-01T00:00:00+09:00,2026-03-31T23:59:59.999999+09:00,2026-04-02T16:28:09.993852+09:00
last_month,2026-03-26,10332488,ななな（菜奈）｜もやもや減らし屋👀♡🗣️よはくの哲学（ナラティヴ×構造×意味）,alive_prawn4206,10,275,2026-03-01T00:00:00+09:00,2026-03-31T23:59:59.999999+09:00,2026-04-02T16:28:09.993852+09:00
last_month,2026-03-27,12235137,ねんころ@AIクリエイター,nenkoro_life,35,755,2026-03-01T00:00:00+09:00,2026-03-31T23:59:59.999999+09:00,2026-04-02T16:28:09.993852+09:00
last_month,2026-03-27,2490558,だんだんありがと@めじゅ,dandan_arigato19,30,518,2026-03-01T00:00:00+09:00,2026-03-31T23:59:59.999999+09:00,2026-04-02T16:28:09.993852+09:00
last_month,2026-03-27,7547534,メイシン,mei_shin,0,275,2026-03-01T00:00:00+09:00,2026-03-31T23:59:59.999999+09:00,2026-04-02T16:28:09.993852+09:00
last_month,2026-03-27,3598618,はしゃも｜感情構造エンジニア,hasyamo,10,307,2026-03-01T00:00:00+09:00,2026-03-31T23:59:59.999999+09:00,2026-04-02T16:28:09.993852+09:00
last_month,2026-03-27,10332488,ななな（菜奈）｜もやもや減らし屋👀♡🗣️よはくの哲学（ナラティヴ×構造×意味）,alive_prawn4206,10,285,2026-03-01T00:00:00+09:00,2026-03-31T23:59:59.999999+09:00,2026-04-02T16:28:09.993852+09:00
last_month,2026-03-28,12235137,ねんころ@AIクリエイター,nenkoro_life,8,763,2026-03-01T00:00:00+09:00,2026-03-31T23:59:59.999999+09:00,2026-04-02T16:28:09.993852+09:00
last_month,2026-03-28,2490558,だんだんありがと@めじゅ,dandan_arigato19,10,528,2026-03-01T00:00:00+09:00,2026-03-31T23:59:59.999999+09:00,2026-04-02T16:28:09.993852+09:00
last_month,2026-03-28,7547534,メイシン,mei_shin,93,368,2026-03-01T00:00:00+09:00,2026-03-31T23:59:59.999999+09:00,2026-04-02T16:28:09.993852+09:00
last_month,2026-03-28,3598618,はしゃも｜感情構造エンジニア,hasyamo,0,307,2026-03-01T00:00:00+09:00,2026-03-31T23:59:59.999999+09:00,2026-04-02T16:28:09.993852+09:00
last_month,2026-03-28,10332488,ななな（菜奈）｜もやもや減らし屋👀♡🗣️よはくの哲学（ナラティヴ×構造×意味）,alive_prawn4206,10,295,2026-03-01T00:00:00+09:00,2026-03-31T23:59:59.999999+09:00,2026-04-02T16:28:09.993852+09:00
last_month,2026-03-29,12235137,ねんころ@AIクリエイター,nenkoro_life,8,771,2026-03-01T00:00:00+09:00,2026-03-31T23:59:59.999999+09:00,2026-04-02T16:28:09.993852+09:00
last_month,2026-03-29,2490558,だんだんありがと@めじゅ,dandan_arigato19,42,570,2026-03-01T00:00:00+09:00,2026-03-31T23:59:59.999999+09:00,2026-04-02T16:28:09.993852+09:00
last_month,2026-03-29,7547534,メイシン,mei_shin,38,406,2026-03-01T00:00:00+09:00,2026-03-31T23:59:59.999999+09:00,2026-04-02T16:28:09.993852+09:00
last_month,2026-03-29,3598618,はしゃも｜感情構造エンジニア,hasyamo,15,322,2026-03-01T00:00:00+09:00,2026-03-31T23:59:59.999999+09:00,2026-04-02T16:28:09.993852+09:00
last_month,2026-03-29,10332488,ななな（菜奈）｜もやもや減らし屋👀♡🗣️よはくの哲学（ナラティヴ×構造×意味）,alive_prawn4206,10,305,2026-03-01T00:00:00+09:00,2026-03-31T23:59:59.999999+09:00,2026-04-02T16:28:09.993852+09:00
last_month,2026-03-30,12235137,ねんころ@AIクリエイター,nenkoro_life,8,779,2026-03-01T00:00:00+09:00,2026-03-31T23:59:59.999999+09:00,2026-04-02T16:28:09.993852+09:00
last_month,2026-03-30,2490558,だんだんありがと@めじゅ,dandan_arigato19,8,578,2026-03-01T00:00:00+09:00,2026-03-31T23:59:59.999999+09:00,2026-04-02T16:28:09.993852+09:00
last_month,2026-03-30,7547534,メイシン,mei_shin,50,456,2026-03-01T00:00:00+09:00,2026-03-31T23:59:59.999999+09:00,2026-04-02T16:28:09.993852+09:00
last_month,2026-03-30,3598618,はしゃも｜感情構造エンジニア,hasyamo,8,330,2026-03-01T00:00:00+09:00,2026-03-31T23:59:59.999999+09:00,2026-04-02T16:28:09.993852+09:00
last_month,2026-03-30,10332488,ななな（菜奈）｜もやもや減らし屋👀♡🗣️よはくの哲学（ナラティヴ×構造×意味）,alive_prawn4206,10,315,2026-03-01T00:00:00+09:00,2026-03-31T23:59:59.999999+09:00,2026-04-02T16:28:09.993852+09:00
last_month,2026-03-31,12235137,ねんころ@AIクリエイター,nenkoro_life,28,807,2026-03-01T00:00:00+09:00,2026-03-31T23:59:59.999999+09:00,2026-04-02T16:28:09.993852+09:00
last_month,2026-03-31,2490558,だんだんありがと@めじゅ,dandan_arigato19,8,586,2026-03-01T00:00:00+09:00,2026-03-31T23:59:59.999999+09:00,2026-04-02T16:28:09.993852+09:00
last_month,2026-03-31,7547534,メイシン,mei_shin,0,456,2026-03-01T00:00:00+09:00,2026-03-31T23:59:59.999999+09:00,2026-04-02T16:28:09.993852+09:00
last_month,2026-03-31,3598618,はしゃも｜感情構造エンジニア,hasyamo,10,340,2026-03-01T00:00:00+09:00,2026-03-31T23:59:59.999999+09:00,2026-04-02T16:28:09.993852+09:00
last_month,2026-03-31,10332488,ななな（菜奈）｜もやもや減らし屋👀♡🗣️よはくの哲学（ナラティヴ×構造×意味）,alive_prawn4206,10,325,2026-03-01T00:00:00+09:00,2026-03-31T23:59:59.999999+09:00,2026-04-02T16:28:09.993852+09:00
