rank,ranking_type,like_user_id,creator_name,creator_urlname,creator_url,has_profile_url,likes_count,first_like_at,last_like_at,follower_count,generated_at,period_start,period_end
1,monthly,12235137,ねんころ@AIクリエイター,nenkoro_life,https://note.com/nenkoro_life,True,19,2026-04-01T08:35:46+09:00,2026-04-06T10:26:01+09:00,1197,2026-04-06T16:59:49.427276+09:00,2026-04-01T00:00:00+09:00,2026-04-06T16:54:04+09:00
2,monthly,2490558,だんだんありがと@めじゅ,dandan_arigato19,https://note.com/dandan_arigato19,True,17,2026-04-01T07:00:21+09:00,2026-04-06T07:24:27+09:00,180,2026-04-06T16:59:49.427276+09:00,2026-04-01T00:00:00+09:00,2026-04-06T16:54:04+09:00
3,monthly,11634537,ナオユキ｜物語と知識のコンシェルジュ,ai_naoyuki,https://note.com/ai_naoyuki,True,15,2026-04-01T06:41:05+09:00,2026-04-06T06:25:50+09:00,2757,2026-04-06T16:59:49.427276+09:00,2026-04-01T00:00:00+09:00,2026-04-06T16:54:04+09:00
4,monthly,7547534,メイシン,mei_shin,https://note.com/mei_shin,True,11,2026-04-01T12:36:14+09:00,2026-04-05T08:07:12+09:00,3862,2026-04-06T16:59:49.427276+09:00,2026-04-01T00:00:00+09:00,2026-04-06T16:54:04+09:00
5,monthly,11058763,濱口貴光@AIとデータサイエンスが好きな薬剤師,pharma_i_cist,https://note.com/pharma_i_cist,True,9,2026-04-01T06:53:58+09:00,2026-04-06T07:25:43+09:00,772,2026-04-06T16:59:49.427276+09:00,2026-04-01T00:00:00+09:00,2026-04-06T16:54:04+09:00
6,monthly,8107746,葉月 れお,hazuki_leo,https://note.com/hazuki_leo,True,8,2026-04-01T09:43:53+09:00,2026-04-06T10:40:53+09:00,74,2026-04-06T16:59:49.427276+09:00,2026-04-01T00:00:00+09:00,2026-04-06T16:54:04+09:00
7,monthly,12589788,ういろう,tsubakinu,https://note.com/tsubakinu,True,8,2026-04-01T09:46:36+09:00,2026-04-06T08:33:45+09:00,412,2026-04-06T16:59:49.427276+09:00,2026-04-01T00:00:00+09:00,2026-04-06T16:54:04+09:00
8,monthly,11604360,∞ isshin×DAI｜感性と未来の声,northlight_voice,https://note.com/northlight_voice,True,8,2026-04-01T07:07:52+09:00,2026-04-06T07:54:57+09:00,877,2026-04-06T16:59:49.427276+09:00,2026-04-01T00:00:00+09:00,2026-04-06T16:54:04+09:00
9,monthly,3598618,はしゃも｜感情構造エンジニア,hasyamo,https://note.com/hasyamo,True,8,2026-04-01T06:45:07+09:00,2026-04-06T06:57:07+09:00,346,2026-04-06T16:59:49.427276+09:00,2026-04-01T00:00:00+09:00,2026-04-06T16:54:04+09:00
10,monthly,11782803,心野けいか🐹（ハムスターの人）,koko_kei,https://note.com/koko_kei,True,8,2026-04-01T06:32:30+09:00,2026-04-06T06:52:35+09:00,1319,2026-04-06T16:59:49.427276+09:00,2026-04-01T00:00:00+09:00,2026-04-06T16:54:04+09:00
11,monthly,12197172,緑どんぐり,green_donguri,https://note.com/green_donguri,True,8,2026-04-01T06:31:28+09:00,2026-04-06T06:18:09+09:00,1152,2026-04-06T16:59:49.427276+09:00,2026-04-01T00:00:00+09:00,2026-04-06T16:54:04+09:00
12,monthly,12235051,青井透子｜日常の過剰解釈屋　,crisp_chimp0823,https://note.com/crisp_chimp0823,True,8,2026-04-01T06:18:21+09:00,2026-04-05T08:52:16+09:00,358,2026-04-06T16:59:49.427276+09:00,2026-04-01T00:00:00+09:00,2026-04-06T16:54:04+09:00
13,monthly,12775322,カワムラ｜AI擬人化漫画 | ChatGPTのヨシダ,chatgpt_ysd,https://note.com/chatgpt_ysd,True,7,2026-04-01T07:24:31+09:00,2026-04-06T07:12:44+09:00,1391,2026-04-06T16:59:49.427276+09:00,2026-04-01T00:00:00+09:00,2026-04-06T16:54:04+09:00
14,monthly,10332488,ななな（菜奈）｜もやもや減らし屋👀♡🗣️よはくの哲学（ナラティヴ×構造×意味）,alive_prawn4206,https://note.com/alive_prawn4206,True,7,2026-04-01T06:22:31+09:00,2026-04-06T06:17:19+09:00,287,2026-04-06T16:59:49.427276+09:00,2026-04-01T00:00:00+09:00,2026-04-06T16:54:04+09:00
15,monthly,1825193,井ノ部(inobe) | AI×内向型マーケター,inobe_raku,https://note.com/inobe_raku,True,6,2026-04-01T07:50:25+09:00,2026-04-06T11:45:04+09:00,183,2026-04-06T16:59:49.427276+09:00,2026-04-01T00:00:00+09:00,2026-04-06T16:54:04+09:00
16,monthly,12498736,ことのは👁‍🗨知識収集家,kotonoha_bridge,https://note.com/kotonoha_bridge,True,6,2026-04-01T07:44:35+09:00,2026-04-06T07:25:50+09:00,430,2026-04-06T16:59:49.427276+09:00,2026-04-01T00:00:00+09:00,2026-04-06T16:54:04+09:00
17,monthly,13094187,ミナト汐　＠光と構図のアトリエ,n_kazumai55633,https://note.com/n_kazumai55633,True,6,2026-04-01T21:50:01+09:00,2026-04-06T06:55:51+09:00,356,2026-04-06T16:59:49.427276+09:00,2026-04-01T00:00:00+09:00,2026-04-06T16:54:04+09:00
18,monthly,4887086,はんく・シュンタナ🐤『塩化ビニール系女子』AIクリエイター兼プロデューサー,hunk_shuntana,https://note.com/hunk_shuntana,True,6,2026-04-01T12:13:31+09:00,2026-04-06T06:50:04+09:00,451,2026-04-06T16:59:49.427276+09:00,2026-04-01T00:00:00+09:00,2026-04-06T16:54:04+09:00
19,monthly,13574554,ホンネタロウ AI漫画,akmistpruqr123,https://note.com/akmistpruqr123,True,6,2026-04-01T12:41:28+09:00,2026-04-06T06:33:09+09:00,440,2026-04-06T16:59:49.427276+09:00,2026-04-01T00:00:00+09:00,2026-04-06T16:54:04+09:00
20,monthly,5738970,営業fafa | note業界No.1営業マン,kohana1112,https://note.com/kohana1112,True,5,2026-04-01T07:48:50+09:00,2026-04-06T07:44:38+09:00,1080,2026-04-06T16:59:49.427276+09:00,2026-04-01T00:00:00+09:00,2026-04-06T16:54:04+09:00
21,monthly,12521570,しろのある,shirono_aru,https://note.com/shirono_aru,True,5,2026-04-01T08:53:59+09:00,2026-04-06T07:36:48+09:00,3499,2026-04-06T16:59:49.427276+09:00,2026-04-01T00:00:00+09:00,2026-04-06T16:54:04+09:00
22,monthly,11436595,ひろ,fair_guppy4626,https://note.com/fair_guppy4626,True,5,2026-04-01T07:46:53+09:00,2026-04-06T06:37:41+09:00,931,2026-04-06T16:59:49.427276+09:00,2026-04-01T00:00:00+09:00,2026-04-06T16:54:04+09:00
23,monthly,6312735,ピナクル,modern_holly38,https://note.com/modern_holly38,True,5,2026-04-01T09:54:59+09:00,2026-04-05T12:14:59+09:00,347,2026-04-06T16:59:49.427276+09:00,2026-04-01T00:00:00+09:00,2026-04-06T16:54:04+09:00
24,monthly,13125356,EARTH🌎,fast_thyme336,https://note.com/fast_thyme336,True,4,2026-04-04T19:51:23+09:00,2026-04-06T12:28:09+09:00,770,2026-04-06T16:59:49.427276+09:00,2026-04-01T00:00:00+09:00,2026-04-06T16:54:04+09:00
25,monthly,8960994,ようちゃん,you_ter,https://note.com/you_ter,True,4,2026-04-05T11:22:50+09:00,2026-04-06T09:06:02+09:00,125,2026-04-06T16:59:49.427276+09:00,2026-04-01T00:00:00+09:00,2026-04-06T16:54:04+09:00
26,monthly,12848229,そら,flux_water,https://note.com/flux_water,True,4,2026-04-01T08:54:36+09:00,2026-04-06T09:04:50+09:00,64,2026-04-06T16:59:49.427276+09:00,2026-04-01T00:00:00+09:00,2026-04-06T16:54:04+09:00
27,monthly,9933409,誠実に、ひたむきに,real_hare9943,https://note.com/real_hare9943,True,4,2026-04-01T08:06:29+09:00,2026-04-06T08:44:44+09:00,2622,2026-04-06T16:59:49.427276+09:00,2026-04-01T00:00:00+09:00,2026-04-06T16:54:04+09:00
28,monthly,13628385,ヘクたろー|緑内障と付き合っている男,hekutaro_0520,https://note.com/hekutaro_0520,True,4,2026-04-01T09:31:53+09:00,2026-04-06T08:29:25+09:00,231,2026-04-06T16:59:49.427276+09:00,2026-04-01T00:00:00+09:00,2026-04-06T16:54:04+09:00
29,monthly,10569223,Yasuhito Morimoto,yasuhitoo,https://note.com/yasuhitoo,True,4,2026-04-03T16:16:34+09:00,2026-04-06T08:14:42+09:00,2122,2026-04-06T16:59:49.427276+09:00,2026-04-01T00:00:00+09:00,2026-04-06T16:54:04+09:00
30,monthly,12447284,ふな,funa04,https://note.com/funa04,True,4,2026-04-01T06:49:59+09:00,2026-04-06T07:17:29+09:00,336,2026-04-06T16:59:49.427276+09:00,2026-04-01T00:00:00+09:00,2026-04-06T16:54:04+09:00
31,monthly,13723919,アプリケンゴ@40代独立目指す,applikengo_25626,https://note.com/applikengo_25626,True,4,2026-04-03T18:56:24+09:00,2026-04-06T07:07:49+09:00,211,2026-04-06T16:59:49.427276+09:00,2026-04-01T00:00:00+09:00,2026-04-06T16:54:04+09:00
32,monthly,11699261,中野英仁,hidehito_n,https://note.com/hidehito_n,True,4,2026-04-01T12:50:05+09:00,2026-04-06T07:03:39+09:00,2402,2026-04-06T16:59:49.427276+09:00,2026-04-01T00:00:00+09:00,2026-04-06T16:54:04+09:00
33,monthly,12262178,おっぽ,oppo_oppo,https://note.com/oppo_oppo,True,4,2026-04-03T20:40:14+09:00,2026-04-06T06:34:36+09:00,294,2026-04-06T16:59:49.427276+09:00,2026-04-01T00:00:00+09:00,2026-04-06T16:54:04+09:00
34,monthly,12983172,masaya,10colorful,https://note.com/10colorful,True,4,2026-04-01T17:31:53+09:00,2026-04-06T06:27:02+09:00,1097,2026-04-06T16:59:49.427276+09:00,2026-04-01T00:00:00+09:00,2026-04-06T16:54:04+09:00
35,monthly,5828006,まなつ/突出マイノリティ列伝,tosshutsu_m,https://note.com/tosshutsu_m,True,4,2026-04-01T13:30:26+09:00,2026-04-05T20:59:41+09:00,4284,2026-04-06T16:59:49.427276+09:00,2026-04-01T00:00:00+09:00,2026-04-06T16:54:04+09:00
36,monthly,11583083,夏目羊,hitsuji_natsume,https://note.com/hitsuji_natsume,True,4,2026-04-04T14:24:22+09:00,2026-04-05T20:35:33+09:00,1178,2026-04-06T16:59:49.427276+09:00,2026-04-01T00:00:00+09:00,2026-04-06T16:54:04+09:00
37,monthly,12232616,デジさしみ | IT現場の効率家,digital_sashimi,https://note.com/digital_sashimi,True,4,2026-04-01T07:26:57+09:00,2026-04-04T09:58:14+09:00,456,2026-04-06T16:59:49.427276+09:00,2026-04-01T00:00:00+09:00,2026-04-06T16:54:04+09:00
38,monthly,13571773,ぷっぷる,rich_moose3756,https://note.com/rich_moose3756,True,4,2026-04-01T06:15:53+09:00,2026-04-04T08:48:06+09:00,289,2026-04-06T16:59:49.427276+09:00,2026-04-01T00:00:00+09:00,2026-04-06T16:54:04+09:00
39,monthly,1664300,ペロちゃん😋節約,peroc,https://note.com/peroc,True,4,2026-04-03T05:12:20+09:00,2026-04-03T05:12:48+09:00,1681,2026-04-06T16:59:49.427276+09:00,2026-04-01T00:00:00+09:00,2026-04-06T16:54:04+09:00
40,monthly,11807623,Anna,modern_lion2880,https://note.com/modern_lion2880,True,3,2026-04-05T08:31:32+09:00,2026-04-06T16:22:33+09:00,270,2026-04-06T16:59:49.427276+09:00,2026-04-01T00:00:00+09:00,2026-04-06T16:54:04+09:00
41,monthly,11092056,KOU,mamemame_aka,https://note.com/mamemame_aka,True,3,2026-04-03T19:08:29+09:00,2026-04-06T12:28:54+09:00,1750,2026-04-06T16:59:49.427276+09:00,2026-04-01T00:00:00+09:00,2026-04-06T16:54:04+09:00
42,monthly,4877017,須川元介/情報翻訳家,skagenavi,https://note.com/skagenavi,True,3,2026-04-05T19:31:32+09:00,2026-04-06T08:19:33+09:00,2116,2026-04-06T16:59:49.427276+09:00,2026-04-01T00:00:00+09:00,2026-04-06T16:54:04+09:00
43,monthly,11197179,栄養学生N🐈‍⬛,_nutrition_stu,https://note.com/_nutrition_stu,True,3,2026-04-01T10:57:02+09:00,2026-04-06T06:56:33+09:00,107,2026-04-06T16:59:49.427276+09:00,2026-04-01T00:00:00+09:00,2026-04-06T16:54:04+09:00
44,monthly,11914162,キヲ@AIイラストレーター,alert_yak4745,https://note.com/alert_yak4745,True,3,2026-04-01T08:49:49+09:00,2026-04-06T06:22:27+09:00,2467,2026-04-06T16:59:49.427276+09:00,2026-04-01T00:00:00+09:00,2026-04-06T16:54:04+09:00
45,monthly,10069756,うどあり│キャリア逆転の美学,udoari_imagine,https://note.com/udoari_imagine,True,3,2026-04-03T20:58:42+09:00,2026-04-05T10:37:07+09:00,335,2026-04-06T16:59:49.427276+09:00,2026-04-01T00:00:00+09:00,2026-04-06T16:54:04+09:00
46,monthly,13416976,yukariyajp,brainy_thyme2046,https://note.com/brainy_thyme2046,True,3,2026-04-01T06:40:33+09:00,2026-04-05T08:29:16+09:00,531,2026-04-06T16:59:49.427276+09:00,2026-04-01T00:00:00+09:00,2026-04-06T16:54:04+09:00
47,monthly,11905841,顔のない問い,sasoib_ehtal,https://note.com/sasoib_ehtal,True,3,2026-04-01T23:28:12+09:00,2026-04-05T01:15:32+09:00,637,2026-04-06T16:59:49.427276+09:00,2026-04-01T00:00:00+09:00,2026-04-06T16:54:04+09:00
48,monthly,9571956,SAKAMOTO.Good Ruler,s_ryouji,https://note.com/s_ryouji,True,3,2026-04-02T05:50:43+09:00,2026-04-04T16:48:58+09:00,781,2026-04-06T16:59:49.427276+09:00,2026-04-01T00:00:00+09:00,2026-04-06T16:54:04+09:00
49,monthly,12715352,tadapiyo,rosy_gnu3023,https://note.com/rosy_gnu3023,True,2,2026-04-05T12:59:12+09:00,2026-04-06T14:41:58+09:00,75,2026-04-06T16:59:49.427276+09:00,2026-04-01T00:00:00+09:00,2026-04-06T16:54:04+09:00
50,monthly,12386258,だいあろごす。,dialogs_develop,https://note.com/dialogs_develop,True,2,2026-04-05T20:58:25+09:00,2026-04-06T13:07:49+09:00,921,2026-04-06T16:59:49.427276+09:00,2026-04-01T00:00:00+09:00,2026-04-06T16:54:04+09:00
51,monthly,10565979,楽カイ（酒井 久）,hisashi3800,https://note.com/hisashi3800,True,2,2026-04-05T17:56:24+09:00,2026-04-06T12:36:19+09:00,746,2026-04-06T16:59:49.427276+09:00,2026-04-01T00:00:00+09:00,2026-04-06T16:54:04+09:00
52,monthly,10616245,賢者の羅針盤：こぐまパパが大切な人に伝えておきたいこと,fast_python9301,https://note.com/fast_python9301,True,2,2026-04-03T23:52:38+09:00,2026-04-06T12:01:06+09:00,1763,2026-04-06T16:59:49.427276+09:00,2026-04-01T00:00:00+09:00,2026-04-06T16:54:04+09:00
53,monthly,14031903,フーガ（短編小説＆詩を投稿）,cozy_parrot2897,https://note.com/cozy_parrot2897,True,2,2026-04-06T09:45:03+09:00,2026-04-06T10:38:41+09:00,29,2026-04-06T16:59:49.427276+09:00,2026-04-01T00:00:00+09:00,2026-04-06T16:54:04+09:00
54,monthly,10621432,sc_fun🎈｜Webライター×生成AI画像クリエイター×クイズ作家｜ファンタジー愛好家　毎日投稿😺,sc_fun,https://note.com/sc_fun,True,2,2026-04-01T21:27:08+09:00,2026-04-06T08:39:19+09:00,2087,2026-04-06T16:59:49.427276+09:00,2026-04-01T00:00:00+09:00,2026-04-06T16:54:04+09:00
55,monthly,13481771,AIナビゲーター・ナビ子,ai_navico,https://note.com/ai_navico,True,2,2026-04-06T07:26:31+09:00,2026-04-06T07:27:17+09:00,13,2026-04-06T16:59:49.427276+09:00,2026-04-01T00:00:00+09:00,2026-04-06T16:54:04+09:00
56,monthly,1694437,"ゆりしま みつき（毎日更新｜Gemini,NanoBananaと一緒）",clum1,https://note.com/clum1,True,2,2026-04-03T16:45:25+09:00,2026-04-06T06:33:53+09:00,46,2026-04-06T16:59:49.427276+09:00,2026-04-01T00:00:00+09:00,2026-04-06T16:54:04+09:00
57,monthly,11775030,りっちゃん@ミニ株で夫をセミFIREさせたい,ricchan_dayo,https://note.com/ricchan_dayo,True,2,2026-04-05T20:42:53+09:00,2026-04-05T21:36:21+09:00,961,2026-04-06T16:59:49.427276+09:00,2026-04-01T00:00:00+09:00,2026-04-06T16:54:04+09:00
58,monthly,13448248,toshi,noted_briony6812,https://note.com/noted_briony6812,True,2,2026-04-05T15:32:48+09:00,2026-04-05T20:34:59+09:00,542,2026-04-06T16:59:49.427276+09:00,2026-04-01T00:00:00+09:00,2026-04-06T16:54:04+09:00
59,monthly,12121248,中年妄想日記,chuya50jp,https://note.com/chuya50jp,True,2,2026-04-05T19:28:05+09:00,2026-04-05T19:28:12+09:00,300,2026-04-06T16:59:49.427276+09:00,2026-04-01T00:00:00+09:00,2026-04-06T16:54:04+09:00
60,monthly,9768274,zan-shiro 🦋,matz_0813,https://note.com/matz_0813,True,2,2026-04-01T12:30:17+09:00,2026-04-05T18:36:47+09:00,1357,2026-04-06T16:59:49.427276+09:00,2026-04-01T00:00:00+09:00,2026-04-06T16:54:04+09:00
61,monthly,12085818,若菜あずき,natty_tucan9251,https://note.com/natty_tucan9251,True,2,2026-04-04T19:23:26+09:00,2026-04-05T18:16:24+09:00,596,2026-04-06T16:59:49.427276+09:00,2026-04-01T00:00:00+09:00,2026-04-06T16:54:04+09:00
62,monthly,11829673,Yoshishirow,tyoshi_naka,https://note.com/tyoshi_naka,True,2,2026-04-05T18:06:05+09:00,2026-04-05T18:06:13+09:00,97,2026-04-06T16:59:49.427276+09:00,2026-04-01T00:00:00+09:00,2026-04-06T16:54:04+09:00
63,monthly,4859491,スイッチくん🐻🌸 │ “寄り添うAI” にじぽて🌈,switchkun_2103,https://note.com/switchkun_2103,True,2,2026-04-05T17:47:24+09:00,2026-04-05T17:47:36+09:00,547,2026-04-06T16:59:49.427276+09:00,2026-04-01T00:00:00+09:00,2026-04-06T16:54:04+09:00
64,monthly,2049052,あかうさ📸,akausa28,https://note.com/akausa28,True,2,2026-04-04T11:31:57+09:00,2026-04-05T17:37:53+09:00,1087,2026-04-06T16:59:49.427276+09:00,2026-04-01T00:00:00+09:00,2026-04-06T16:54:04+09:00
65,monthly,13585466,さと｜SynTo代表,synto,https://note.com/synto,True,2,2026-04-05T16:32:46+09:00,2026-04-05T16:33:00+09:00,138,2026-04-06T16:59:49.427276+09:00,2026-04-01T00:00:00+09:00,2026-04-06T16:54:04+09:00
66,monthly,10233309,NOA＠全力でAIで遊ぶ人,77_noa,https://note.com/77_noa,True,2,2026-04-05T16:30:52+09:00,2026-04-05T16:31:04+09:00,40,2026-04-06T16:59:49.427276+09:00,2026-04-01T00:00:00+09:00,2026-04-06T16:54:04+09:00
67,monthly,9555315,Takashi M,tak_muk,https://note.com/tak_muk,True,2,2026-04-04T14:59:39+09:00,2026-04-05T15:14:36+09:00,233,2026-04-06T16:59:49.427276+09:00,2026-04-01T00:00:00+09:00,2026-04-06T16:54:04+09:00
68,monthly,13789317,lax9993333,lax9993333,https://note.com/lax9993333,True,2,2026-04-04T16:32:40+09:00,2026-04-05T13:03:35+09:00,26,2026-04-06T16:59:49.427276+09:00,2026-04-01T00:00:00+09:00,2026-04-06T16:54:04+09:00
69,monthly,9282525,建从,fresh_racoon3036,https://note.com/fresh_racoon3036,True,2,2026-04-04T12:14:15+09:00,2026-04-05T12:16:55+09:00,539,2026-04-06T16:59:49.427276+09:00,2026-04-01T00:00:00+09:00,2026-04-06T16:54:04+09:00
70,monthly,14123249,くりやま,kuriyama_41,https://note.com/kuriyama_41,True,2,2026-04-05T10:06:06+09:00,2026-04-05T10:14:48+09:00,9,2026-04-06T16:59:49.427276+09:00,2026-04-01T00:00:00+09:00,2026-04-06T16:54:04+09:00
71,monthly,13147802,ハリーAI,cool_frog1331,https://note.com/cool_frog1331,True,2,2026-04-02T12:30:16+09:00,2026-04-05T06:56:45+09:00,389,2026-04-06T16:59:49.427276+09:00,2026-04-01T00:00:00+09:00,2026-04-06T16:54:04+09:00
72,monthly,12926611,おにぎりとAI,onigiri_ai,https://note.com/onigiri_ai,True,2,2026-04-05T05:48:32+09:00,2026-04-05T05:55:44+09:00,7,2026-04-06T16:59:49.427276+09:00,2026-04-01T00:00:00+09:00,2026-04-06T16:54:04+09:00
73,monthly,13374333,カピバラさん,dreamy_bear8625,https://note.com/dreamy_bear8625,True,2,2026-04-01T19:41:28+09:00,2026-04-05T02:19:24+09:00,765,2026-04-06T16:59:49.427276+09:00,2026-04-01T00:00:00+09:00,2026-04-06T16:54:04+09:00
74,monthly,12853411,みるぷり,mirupuri7,https://note.com/mirupuri7,True,2,2026-04-04T17:51:04+09:00,2026-04-05T00:57:59+09:00,192,2026-04-06T16:59:49.427276+09:00,2026-04-01T00:00:00+09:00,2026-04-06T16:54:04+09:00
75,monthly,11225151,あおさん｜社福士のひとりごと,royal_poppy721,https://note.com/royal_poppy721,True,2,2026-04-01T19:04:09+09:00,2026-04-05T00:02:15+09:00,3174,2026-04-06T16:59:49.427276+09:00,2026-04-01T00:00:00+09:00,2026-04-06T16:54:04+09:00
76,monthly,12543853,あな,ana_mama_english,https://note.com/ana_mama_english,True,2,2026-04-04T18:33:31+09:00,2026-04-04T18:34:26+09:00,1188,2026-04-06T16:59:49.427276+09:00,2026-04-01T00:00:00+09:00,2026-04-06T16:54:04+09:00
77,monthly,13950166,チュチュ・テイル🌙,tutu_tail,https://note.com/tutu_tail,True,2,2026-04-03T19:17:55+09:00,2026-04-04T12:15:43+09:00,275,2026-04-06T16:59:49.427276+09:00,2026-04-01T00:00:00+09:00,2026-04-06T16:54:04+09:00
78,monthly,13092240,ぜんちゃんノート,serene_gnu7024,https://note.com/serene_gnu7024,True,2,2026-04-04T09:47:57+09:00,2026-04-04T09:48:13+09:00,78,2026-04-06T16:59:49.427276+09:00,2026-04-01T00:00:00+09:00,2026-04-06T16:54:04+09:00
79,monthly,12872380,100人インタビューニキ,interview100,https://note.com/interview100,True,2,2026-04-01T08:02:35+09:00,2026-04-04T09:45:09+09:00,48,2026-04-06T16:59:49.427276+09:00,2026-04-01T00:00:00+09:00,2026-04-06T16:54:04+09:00
80,monthly,10071829,動きのラフテル@理学療法,proper_swan3597,https://note.com/proper_swan3597,True,2,2026-04-03T20:28:04+09:00,2026-04-04T07:48:30+09:00,1355,2026-04-06T16:59:49.427276+09:00,2026-04-01T00:00:00+09:00,2026-04-06T16:54:04+09:00
81,monthly,10803734,yaema,syousonankei2523,https://note.com/syousonankei2523,True,2,2026-04-02T07:28:36+09:00,2026-04-03T23:48:28+09:00,81,2026-04-06T16:59:49.427276+09:00,2026-04-01T00:00:00+09:00,2026-04-06T16:54:04+09:00
82,monthly,12648508,ゆな💅ネイリストの技術ブログ,yuna_nail_salon,https://note.com/yuna_nail_salon,True,2,2026-04-03T23:23:11+09:00,2026-04-03T23:23:13+09:00,689,2026-04-06T16:59:49.427276+09:00,2026-04-01T00:00:00+09:00,2026-04-06T16:54:04+09:00
83,monthly,3495890,どうぶつ不動産🐾,zoo123,https://note.com/zoo123,True,2,2026-04-01T09:51:26+09:00,2026-04-03T22:15:50+09:00,199,2026-04-06T16:59:49.427276+09:00,2026-04-01T00:00:00+09:00,2026-04-06T16:54:04+09:00
84,monthly,3712022,いのふみ｜遅咲きのコピーライター,togaly0317,https://note.com/togaly0317,True,2,2026-04-01T06:58:58+09:00,2026-04-03T22:11:41+09:00,140,2026-04-06T16:59:49.427276+09:00,2026-04-01T00:00:00+09:00,2026-04-06T16:54:04+09:00
85,monthly,8386686,夏目 龍頭｜AI Creative Lab,shio_batapopcorn,https://note.com/shio_batapopcorn,True,2,2026-04-02T13:17:44+09:00,2026-04-03T21:15:10+09:00,2884,2026-04-06T16:59:49.427276+09:00,2026-04-01T00:00:00+09:00,2026-04-06T16:54:04+09:00
86,monthly,12730552,エリカが好き勝手に語るチャンネル,erikakataru,https://note.com/erikakataru,True,2,2026-04-02T00:35:51+09:00,2026-04-03T17:04:04+09:00,293,2026-04-06T16:59:49.427276+09:00,2026-04-01T00:00:00+09:00,2026-04-06T16:54:04+09:00
87,monthly,11877381,タク＠HENDRE,alert_clover9324,https://note.com/alert_clover9324,True,2,2026-04-03T01:00:40+09:00,2026-04-03T16:40:05+09:00,996,2026-04-06T16:59:49.427276+09:00,2026-04-01T00:00:00+09:00,2026-04-06T16:54:04+09:00
88,monthly,11742994,薄紫もと　,fresh_loris1944,https://note.com/fresh_loris1944,True,2,2026-04-02T06:44:34+09:00,2026-04-03T16:36:44+09:00,2849,2026-04-06T16:59:49.427276+09:00,2026-04-01T00:00:00+09:00,2026-04-06T16:54:04+09:00
89,monthly,11861558,秋本マミ,vivid_cougar9852,https://note.com/vivid_cougar9852,True,2,2026-04-02T21:25:20+09:00,2026-04-02T21:25:22+09:00,567,2026-04-06T16:59:49.427276+09:00,2026-04-01T00:00:00+09:00,2026-04-06T16:54:04+09:00
90,monthly,4539002,サイゴン山本,saigonyamamoto,https://note.com/saigonyamamoto,True,2,2026-04-01T23:57:25+09:00,2026-04-02T14:17:07+09:00,3067,2026-04-06T16:59:49.427276+09:00,2026-04-01T00:00:00+09:00,2026-04-06T16:54:04+09:00
91,monthly,6853352,AONO,aonokazu,https://note.com/aonokazu,True,2,2026-04-01T22:25:19+09:00,2026-04-01T22:25:21+09:00,2034,2026-04-06T16:59:49.427276+09:00,2026-04-01T00:00:00+09:00,2026-04-06T16:54:04+09:00
92,monthly,10827282,案内人,serene_hebe1710,https://note.com/serene_hebe1710,True,2,2026-04-01T08:39:47+09:00,2026-04-01T09:17:34+09:00,2032,2026-04-06T16:59:49.427276+09:00,2026-04-01T00:00:00+09:00,2026-04-06T16:54:04+09:00
93,monthly,11744967,YutoUT丨AI×創作,9661_yutout,https://note.com/9661_yutout,True,1,2026-04-06T15:42:17+09:00,2026-04-06T15:42:17+09:00,502,2026-04-06T16:59:49.427276+09:00,2026-04-01T00:00:00+09:00,2026-04-06T16:54:04+09:00
94,monthly,13267244,啓浄 | ＡＩ.コーチ.時々 山伏.,vireco,https://note.com/vireco,True,1,2026-04-06T14:40:50+09:00,2026-04-06T14:40:50+09:00,1146,2026-04-06T16:59:49.427276+09:00,2026-04-01T00:00:00+09:00,2026-04-06T16:54:04+09:00
95,monthly,13757456,【公式】つこみ次郎のツッコミ日記,jirotsukkomi,https://note.com/jirotsukkomi,True,1,2026-04-06T14:19:48+09:00,2026-04-06T14:19:48+09:00,266,2026-04-06T16:59:49.427276+09:00,2026-04-01T00:00:00+09:00,2026-04-06T16:54:04+09:00
96,monthly,13273911,斉川ニア,vast_lily4547,https://note.com/vast_lily4547,True,1,2026-04-06T14:17:40+09:00,2026-04-06T14:17:40+09:00,165,2026-04-06T16:59:49.427276+09:00,2026-04-01T00:00:00+09:00,2026-04-06T16:54:04+09:00
97,monthly,12355770,星ママ | AI×主婦,hoshimama3,https://note.com/hoshimama3,True,1,2026-04-06T14:12:42+09:00,2026-04-06T14:12:42+09:00,1032,2026-04-06T16:59:49.427276+09:00,2026-04-01T00:00:00+09:00,2026-04-06T16:54:04+09:00
98,monthly,11359513,安達｢チーム🦁｣｜AIと共闘し600を必達する者,takayukiadachi,https://note.com/takayukiadachi,True,1,2026-04-06T14:11:39+09:00,2026-04-06T14:11:39+09:00,860,2026-04-06T16:59:49.427276+09:00,2026-04-01T00:00:00+09:00,2026-04-06T16:54:04+09:00
99,monthly,13821741,ちょこ,choco_2209,https://note.com/choco_2209,True,1,2026-04-06T12:54:19+09:00,2026-04-06T12:54:19+09:00,79,2026-04-06T16:59:49.427276+09:00,2026-04-01T00:00:00+09:00,2026-04-06T16:54:04+09:00
100,monthly,13034646,kkmm36,pei0306,https://note.com/pei0306,True,1,2026-04-06T12:28:23+09:00,2026-04-06T12:28:23+09:00,79,2026-04-06T16:59:49.427276+09:00,2026-04-01T00:00:00+09:00,2026-04-06T16:54:04+09:00
101,monthly,9548741,Masao.N,masao_n,https://note.com/masao_n,True,1,2026-04-06T12:06:39+09:00,2026-04-06T12:06:39+09:00,175,2026-04-06T16:59:49.427276+09:00,2026-04-01T00:00:00+09:00,2026-04-06T16:54:04+09:00
102,monthly,11325974,HAS｜40代後半エンジニアPM,nice_prawn3453,https://note.com/nice_prawn3453,True,1,2026-04-06T11:31:31+09:00,2026-04-06T11:31:31+09:00,1918,2026-04-06T16:59:49.427276+09:00,2026-04-01T00:00:00+09:00,2026-04-06T16:54:04+09:00
103,monthly,12623994,よーさん,good_skink1456,https://note.com/good_skink1456,True,1,2026-04-06T10:45:54+09:00,2026-04-06T10:45:54+09:00,2,2026-04-06T16:59:49.427276+09:00,2026-04-01T00:00:00+09:00,2026-04-06T16:54:04+09:00
104,monthly,11961549,🇯🇵🌸Sakura SUN☀🌐,legit_nerine9558,https://note.com/legit_nerine9558,True,1,2026-04-06T10:40:35+09:00,2026-04-06T10:40:35+09:00,324,2026-04-06T16:59:49.427276+09:00,2026-04-01T00:00:00+09:00,2026-04-06T16:54:04+09:00
105,monthly,12880655,アメリ,mild_sheep8979,https://note.com/mild_sheep8979,True,1,2026-04-06T10:29:53+09:00,2026-04-06T10:29:53+09:00,60,2026-04-06T16:59:49.427276+09:00,2026-04-01T00:00:00+09:00,2026-04-06T16:54:04+09:00
106,monthly,12933423,タイチR,vivid_walrus6797,https://note.com/vivid_walrus6797,True,1,2026-04-06T09:04:50+09:00,2026-04-06T09:04:50+09:00,5,2026-04-06T16:59:49.427276+09:00,2026-04-01T00:00:00+09:00,2026-04-06T16:54:04+09:00
107,monthly,13690741,チイアラ,chiiara,https://note.com/chiiara,True,1,2026-04-06T08:19:58+09:00,2026-04-06T08:19:58+09:00,391,2026-04-06T16:59:49.427276+09:00,2026-04-01T00:00:00+09:00,2026-04-06T16:54:04+09:00
108,monthly,13781218,KKMC,kkmc1993,https://note.com/kkmc1993,True,1,2026-04-06T08:04:39+09:00,2026-04-06T08:04:39+09:00,275,2026-04-06T16:59:49.427276+09:00,2026-04-01T00:00:00+09:00,2026-04-06T16:54:04+09:00
109,monthly,2410148,奏✕樹@AI対談,chunsukepapa,https://note.com/chunsukepapa,True,1,2026-04-06T08:00:40+09:00,2026-04-06T08:00:40+09:00,245,2026-04-06T16:59:49.427276+09:00,2026-04-01T00:00:00+09:00,2026-04-06T16:54:04+09:00
110,monthly,11395794,零ぴちゅ。,reipichu,https://note.com/reipichu,True,1,2026-04-06T07:32:03+09:00,2026-04-06T07:32:03+09:00,2998,2026-04-06T16:59:49.427276+09:00,2026-04-01T00:00:00+09:00,2026-04-06T16:54:04+09:00
111,monthly,10175064,雪綴ゆき,wise_rat6355,https://note.com/wise_rat6355,True,1,2026-04-06T07:15:25+09:00,2026-04-06T07:15:25+09:00,5813,2026-04-06T16:59:49.427276+09:00,2026-04-01T00:00:00+09:00,2026-04-06T16:54:04+09:00
112,monthly,12055224,こあら@SeaArt×イラストプロンプト毎日発信,aibento,https://note.com/aibento,True,1,2026-04-06T07:14:03+09:00,2026-04-06T07:14:03+09:00,1344,2026-04-06T16:59:49.427276+09:00,2026-04-01T00:00:00+09:00,2026-04-06T16:54:04+09:00
113,monthly,13315784,しゅがー＃,sugar_space78,https://note.com/sugar_space78,True,1,2026-04-06T06:50:32+09:00,2026-04-06T06:50:32+09:00,298,2026-04-06T16:59:49.427276+09:00,2026-04-01T00:00:00+09:00,2026-04-06T16:54:04+09:00
114,monthly,12957187,アマドリウシロ,great_swan8128,https://note.com/great_swan8128,True,1,2026-04-06T06:50:28+09:00,2026-04-06T06:50:28+09:00,930,2026-04-06T16:59:49.427276+09:00,2026-04-01T00:00:00+09:00,2026-04-06T16:54:04+09:00
115,monthly,13044441,tetenn,humble_falcon456,https://note.com/humble_falcon456,True,1,2026-04-06T06:48:01+09:00,2026-04-06T06:48:01+09:00,111,2026-04-06T16:59:49.427276+09:00,2026-04-01T00:00:00+09:00,2026-04-06T16:54:04+09:00
116,monthly,11992898,真理探究爺さん,river_m1914,https://note.com/river_m1914,True,1,2026-04-06T06:46:25+09:00,2026-04-06T06:46:25+09:00,869,2026-04-06T16:59:49.427276+09:00,2026-04-01T00:00:00+09:00,2026-04-06T16:54:04+09:00
117,monthly,13686942,るみるみ,rumi_rumi369,https://note.com/rumi_rumi369,True,1,2026-04-06T06:29:21+09:00,2026-04-06T06:29:21+09:00,570,2026-04-06T16:59:49.427276+09:00,2026-04-01T00:00:00+09:00,2026-04-06T16:54:04+09:00
118,monthly,7159750,Yu-No先生🔥,gentle_borage15,https://note.com/gentle_borage15,True,1,2026-04-06T06:24:36+09:00,2026-04-06T06:24:36+09:00,314,2026-04-06T16:59:49.427276+09:00,2026-04-01T00:00:00+09:00,2026-04-06T16:54:04+09:00
119,monthly,12423941,こもれびFP🌻,jolly_shark9961,https://note.com/jolly_shark9961,True,1,2026-04-06T06:21:26+09:00,2026-04-06T06:21:26+09:00,1319,2026-04-06T16:59:49.427276+09:00,2026-04-01T00:00:00+09:00,2026-04-06T16:54:04+09:00
120,monthly,10834379,きじまひろあき,hiroaki_kijima99,https://note.com/hiroaki_kijima99,True,1,2026-04-06T06:20:47+09:00,2026-04-06T06:20:47+09:00,1844,2026-04-06T16:59:49.427276+09:00,2026-04-01T00:00:00+09:00,2026-04-06T16:54:04+09:00
121,monthly,6633639,標準人間【田中万藻巣(まんもす)】,clean_aster831,https://note.com/clean_aster831,True,1,2026-04-06T06:05:16+09:00,2026-04-06T06:05:16+09:00,3249,2026-04-06T16:59:49.427276+09:00,2026-04-01T00:00:00+09:00,2026-04-06T16:54:04+09:00
122,monthly,13800472,城森 善行,yoshiyuki_jomori,https://note.com/yoshiyuki_jomori,True,1,2026-04-06T05:28:59+09:00,2026-04-06T05:28:59+09:00,332,2026-04-06T16:59:49.427276+09:00,2026-04-01T00:00:00+09:00,2026-04-06T16:54:04+09:00
123,monthly,13850016,陛下と呼べ！！,hey_barg666,https://note.com/hey_barg666,True,1,2026-04-06T00:39:15+09:00,2026-04-06T00:39:15+09:00,18,2026-04-06T16:59:49.427276+09:00,2026-04-01T00:00:00+09:00,2026-04-06T16:54:04+09:00
124,monthly,6386936,田中茉莉　Tanaka Mari,super_bee253,https://note.com/super_bee253,True,1,2026-04-06T00:33:09+09:00,2026-04-06T00:33:09+09:00,120,2026-04-06T16:59:49.427276+09:00,2026-04-01T00:00:00+09:00,2026-04-06T16:54:04+09:00
125,monthly,10586715,Joh🌹iPadmini7で日々をデザイン,dj_joh23,https://note.com/dj_joh23,True,1,2026-04-05T23:29:04+09:00,2026-04-05T23:29:04+09:00,609,2026-04-06T16:59:49.427276+09:00,2026-04-01T00:00:00+09:00,2026-04-06T16:54:04+09:00
126,monthly,12954204,行動デザイン営業コーチ/フォロバ100,koudou_coach,https://note.com/koudou_coach,True,1,2026-04-05T23:24:40+09:00,2026-04-05T23:24:40+09:00,237,2026-04-06T16:59:49.427276+09:00,2026-04-01T00:00:00+09:00,2026-04-06T16:54:04+09:00
127,monthly,11870206,みきこ🌿季節の花ごよみ,hirata_mikiko60,https://note.com/hirata_mikiko60,True,1,2026-04-05T22:13:17+09:00,2026-04-05T22:13:17+09:00,616,2026-04-06T16:59:49.427276+09:00,2026-04-01T00:00:00+09:00,2026-04-06T16:54:04+09:00
128,monthly,13613385,羅生門SKY,codex_strategy,https://note.com/codex_strategy,True,1,2026-04-05T21:36:10+09:00,2026-04-05T21:36:10+09:00,279,2026-04-06T16:59:49.427276+09:00,2026-04-01T00:00:00+09:00,2026-04-06T16:54:04+09:00
129,monthly,12885894,taka,agile_heron3163,https://note.com/agile_heron3163,True,1,2026-04-05T21:07:46+09:00,2026-04-05T21:07:46+09:00,523,2026-04-06T16:59:49.427276+09:00,2026-04-01T00:00:00+09:00,2026-04-06T16:54:04+09:00
130,monthly,8882829,Takamichi Dobashi,takamichidobashi,https://note.com/takamichidobashi,True,1,2026-04-05T21:03:34+09:00,2026-04-05T21:03:34+09:00,666,2026-04-06T16:59:49.427276+09:00,2026-04-01T00:00:00+09:00,2026-04-06T16:54:04+09:00
131,monthly,12300116,kharaku,higara_kharaku,https://note.com/higara_kharaku,True,1,2026-04-05T20:55:34+09:00,2026-04-05T20:55:34+09:00,0,2026-04-06T16:59:49.427276+09:00,2026-04-01T00:00:00+09:00,2026-04-06T16:54:04+09:00
132,monthly,10668850,全人類をDIY好きにするためのnote,diyforall,https://note.com/diyforall,True,1,2026-04-05T20:12:23+09:00,2026-04-05T20:12:23+09:00,25,2026-04-06T16:59:49.427276+09:00,2026-04-01T00:00:00+09:00,2026-04-06T16:54:04+09:00
133,monthly,13862213,黒瀬,ai_botman0309,https://note.com/ai_botman0309,True,1,2026-04-05T20:00:14+09:00,2026-04-05T20:00:14+09:00,421,2026-04-06T16:59:49.427276+09:00,2026-04-01T00:00:00+09:00,2026-04-06T16:54:04+09:00
134,monthly,11266699,旅くま,tabikuma_oji,https://note.com/tabikuma_oji,True,1,2026-04-05T19:11:51+09:00,2026-04-05T19:11:51+09:00,1020,2026-04-06T16:59:49.427276+09:00,2026-04-01T00:00:00+09:00,2026-04-06T16:54:04+09:00
135,monthly,13596782,かみこて,eager_dietes4296,https://note.com/eager_dietes4296,True,1,2026-04-05T19:05:53+09:00,2026-04-05T19:05:53+09:00,418,2026-04-06T16:59:49.427276+09:00,2026-04-01T00:00:00+09:00,2026-04-06T16:54:04+09:00
136,monthly,11115773,石原孝治,pure_gibbon7312,https://note.com/pure_gibbon7312,True,1,2026-04-05T18:49:58+09:00,2026-04-05T18:49:58+09:00,4,2026-04-06T16:59:49.427276+09:00,2026-04-01T00:00:00+09:00,2026-04-06T16:54:04+09:00
137,monthly,14127190,hinode kazuishi,novel_myrtle4523,https://note.com/novel_myrtle4523,True,1,2026-04-05T16:46:47+09:00,2026-04-05T16:46:47+09:00,0,2026-04-06T16:59:49.427276+09:00,2026-04-01T00:00:00+09:00,2026-04-06T16:54:04+09:00
138,monthly,10847736,マインドフルネス瞑想コーチkazu,kazu2326,https://note.com/kazu2326,True,1,2026-04-05T16:19:29+09:00,2026-04-05T16:19:29+09:00,20,2026-04-06T16:59:49.427276+09:00,2026-04-01T00:00:00+09:00,2026-04-06T16:54:04+09:00
139,monthly,10694282,４代目ている,pornoranger,https://note.com/pornoranger,True,1,2026-04-05T16:15:59+09:00,2026-04-05T16:15:59+09:00,48,2026-04-06T16:59:49.427276+09:00,2026-04-01T00:00:00+09:00,2026-04-06T16:54:04+09:00
140,monthly,6742540,MeiMei,happy_bibi88,https://note.com/happy_bibi88,True,1,2026-04-05T16:13:28+09:00,2026-04-05T16:13:28+09:00,726,2026-04-06T16:59:49.427276+09:00,2026-04-01T00:00:00+09:00,2026-04-06T16:54:04+09:00
141,monthly,12243901,suu-chan725,natsuko148cm,https://note.com/natsuko148cm,True,1,2026-04-05T14:44:03+09:00,2026-04-05T14:44:03+09:00,18,2026-04-06T16:59:49.427276+09:00,2026-04-01T00:00:00+09:00,2026-04-06T16:54:04+09:00
142,monthly,13727385,つっちー｜自走型組織設計（BLUE CRUX）,bc_tsucchi,https://note.com/bc_tsucchi,True,1,2026-04-05T13:32:39+09:00,2026-04-05T13:32:39+09:00,172,2026-04-06T16:59:49.427276+09:00,2026-04-01T00:00:00+09:00,2026-04-06T16:54:04+09:00
143,monthly,12091207,灯,proper_viola7500,https://note.com/proper_viola7500,True,1,2026-04-05T13:11:26+09:00,2026-04-05T13:11:26+09:00,144,2026-04-06T16:59:49.427276+09:00,2026-04-01T00:00:00+09:00,2026-04-06T16:54:04+09:00
144,monthly,14020294,六点倒立,rottemayer000,https://note.com/rottemayer000,True,1,2026-04-05T13:10:47+09:00,2026-04-05T13:10:47+09:00,20,2026-04-06T16:59:49.427276+09:00,2026-04-01T00:00:00+09:00,2026-04-06T16:54:04+09:00
145,monthly,5206969,らら,lala3taso,https://note.com/lala3taso,True,1,2026-04-05T12:58:23+09:00,2026-04-05T12:58:23+09:00,441,2026-04-06T16:59:49.427276+09:00,2026-04-01T00:00:00+09:00,2026-04-06T16:54:04+09:00
146,monthly,13156049,らっく,sakusakurakku,https://note.com/sakusakurakku,True,1,2026-04-05T12:33:43+09:00,2026-04-05T12:33:43+09:00,0,2026-04-06T16:59:49.427276+09:00,2026-04-01T00:00:00+09:00,2026-04-06T16:54:04+09:00
147,monthly,7989289,しんたろー△AIで１人SaaS開発中,shintaro_campon,https://note.com/shintaro_campon,True,1,2026-04-05T12:01:22+09:00,2026-04-05T12:01:22+09:00,119,2026-04-06T16:59:49.427276+09:00,2026-04-01T00:00:00+09:00,2026-04-06T16:54:04+09:00
148,monthly,13573089,白余,hakuyo_film,https://note.com/hakuyo_film,True,1,2026-04-05T11:50:36+09:00,2026-04-05T11:50:36+09:00,17,2026-04-06T16:59:49.427276+09:00,2026-04-01T00:00:00+09:00,2026-04-06T16:54:04+09:00
149,monthly,13142244,ぽんた　ADHDタヌキのAI副業記録,highbridge_0309,https://note.com/highbridge_0309,True,1,2026-04-05T11:26:26+09:00,2026-04-05T11:26:26+09:00,28,2026-04-06T16:59:49.427276+09:00,2026-04-01T00:00:00+09:00,2026-04-06T16:54:04+09:00
150,monthly,5135405,てくてく文庫,tenten2021,https://note.com/tenten2021,True,1,2026-04-05T11:23:20+09:00,2026-04-05T11:23:20+09:00,1282,2026-04-06T16:59:49.427276+09:00,2026-04-01T00:00:00+09:00,2026-04-06T16:54:04+09:00
151,monthly,12789134,とり,tori2323,https://note.com/tori2323,True,1,2026-04-05T08:36:05+09:00,2026-04-05T08:36:05+09:00,1962,2026-04-06T16:59:49.427276+09:00,2026-04-01T00:00:00+09:00,2026-04-06T16:54:04+09:00
152,monthly,10976625,ちくわ,momoirogateway,https://note.com/momoirogateway,True,1,2026-04-05T08:29:37+09:00,2026-04-05T08:29:37+09:00,1348,2026-04-06T16:59:49.427276+09:00,2026-04-01T00:00:00+09:00,2026-04-06T16:54:04+09:00
153,monthly,10967013,コイル - 観察者 - ,just_orchid8686,https://note.com/just_orchid8686,True,1,2026-04-05T07:48:26+09:00,2026-04-05T07:48:26+09:00,279,2026-04-06T16:59:49.427276+09:00,2026-04-01T00:00:00+09:00,2026-04-06T16:54:04+09:00
154,monthly,12029917,ジェミ兄【非公認Gemini画像プロクリエイター】,holy_boar3105,https://note.com/holy_boar3105,True,1,2026-04-05T07:44:04+09:00,2026-04-05T07:44:04+09:00,334,2026-04-06T16:59:49.427276+09:00,2026-04-01T00:00:00+09:00,2026-04-06T16:54:04+09:00
155,monthly,7335280,モリック【先生×ICT×AI】,morik7554,https://note.com/morik7554,True,1,2026-04-05T07:40:25+09:00,2026-04-05T07:40:25+09:00,702,2026-04-06T16:59:49.427276+09:00,2026-04-01T00:00:00+09:00,2026-04-06T16:54:04+09:00
156,monthly,12931859,TEN A,joyous_tiger5026,https://note.com/joyous_tiger5026,True,1,2026-04-05T07:00:53+09:00,2026-04-05T07:00:53+09:00,372,2026-04-06T16:59:49.427276+09:00,2026-04-01T00:00:00+09:00,2026-04-06T16:54:04+09:00
157,monthly,7130510,ピリけい,lucky_viola108,https://note.com/lucky_viola108,True,1,2026-04-05T01:29:55+09:00,2026-04-05T01:29:55+09:00,1246,2026-04-06T16:59:49.427276+09:00,2026-04-01T00:00:00+09:00,2026-04-06T16:54:04+09:00
158,monthly,818137,スーパー凡人＠年収250万→年収1000万円,apt_bee1163,https://note.com/apt_bee1163,True,1,2026-04-05T00:08:10+09:00,2026-04-05T00:08:10+09:00,1142,2026-04-06T16:59:49.427276+09:00,2026-04-01T00:00:00+09:00,2026-04-06T16:54:04+09:00
159,monthly,2475593,小暮裕之 医師 / 医療経営者 フィジカルAI × 医療・介護 在宅・ホスピスの社会実装,ariakekids,https://note.com/ariakekids,True,1,2026-04-04T23:57:43+09:00,2026-04-04T23:57:43+09:00,2105,2026-04-06T16:59:49.427276+09:00,2026-04-01T00:00:00+09:00,2026-04-06T16:54:04+09:00
160,monthly,13990181,佐伯亮　AI×実務の専門家,saekiryo_ai,https://note.com/saekiryo_ai,True,1,2026-04-04T23:32:50+09:00,2026-04-04T23:32:50+09:00,20,2026-04-06T16:59:49.427276+09:00,2026-04-01T00:00:00+09:00,2026-04-06T16:54:04+09:00
161,monthly,3518896,村松慎一 / 日々のやりくりから、未来の成長まで。あなたの会社の名脇役。,shinichi0820,https://note.com/shinichi0820,True,1,2026-04-04T23:28:46+09:00,2026-04-04T23:28:46+09:00,471,2026-04-06T16:59:49.427276+09:00,2026-04-01T00:00:00+09:00,2026-04-06T16:54:04+09:00
162,monthly,10709484,nagoみん｜40代のAI活用,nago5641,https://note.com/nago5641,True,1,2026-04-04T23:19:08+09:00,2026-04-04T23:19:08+09:00,46,2026-04-06T16:59:49.427276+09:00,2026-04-01T00:00:00+09:00,2026-04-06T16:54:04+09:00
163,monthly,12977375,AKI,aki_kisaragi,https://note.com/aki_kisaragi,True,1,2026-04-04T22:29:53+09:00,2026-04-04T22:29:53+09:00,60,2026-04-06T16:59:49.427276+09:00,2026-04-01T00:00:00+09:00,2026-04-06T16:54:04+09:00
164,monthly,12830435,AI論文を読むネコ,ai_paper,https://note.com/ai_paper,True,1,2026-04-04T21:28:06+09:00,2026-04-04T21:28:06+09:00,726,2026-04-06T16:59:49.427276+09:00,2026-04-01T00:00:00+09:00,2026-04-06T16:54:04+09:00
165,monthly,1207624,一般社団法人MAO,good_arnica3977,https://note.com/good_arnica3977,True,1,2026-04-04T20:41:13+09:00,2026-04-04T20:41:13+09:00,7,2026-04-06T16:59:49.427276+09:00,2026-04-01T00:00:00+09:00,2026-04-06T16:54:04+09:00
166,monthly,12837830,いがらしゆきえ,aura47,https://note.com/aura47,True,1,2026-04-04T20:38:34+09:00,2026-04-04T20:38:34+09:00,995,2026-04-06T16:59:49.427276+09:00,2026-04-01T00:00:00+09:00,2026-04-06T16:54:04+09:00
167,monthly,13892698,カンガルー｜パパのNICU記録,merry_acacia5109,https://note.com/merry_acacia5109,True,1,2026-04-04T19:20:20+09:00,2026-04-04T19:20:20+09:00,52,2026-04-06T16:59:49.427276+09:00,2026-04-01T00:00:00+09:00,2026-04-06T16:54:04+09:00
168,monthly,13025001,くまぼし,light_lemur8364,https://note.com/light_lemur8364,True,1,2026-04-04T18:55:28+09:00,2026-04-04T18:55:28+09:00,385,2026-04-06T16:59:49.427276+09:00,2026-04-01T00:00:00+09:00,2026-04-06T16:54:04+09:00
169,monthly,13831214,立花 直,tachibana_nao,https://note.com/tachibana_nao,True,1,2026-04-04T18:42:28+09:00,2026-04-04T18:42:28+09:00,386,2026-04-06T16:59:49.427276+09:00,2026-04-01T00:00:00+09:00,2026-04-06T16:54:04+09:00
170,monthly,12839593,時枝,t0k13d4,https://note.com/t0k13d4,True,1,2026-04-04T18:19:25+09:00,2026-04-04T18:19:25+09:00,2,2026-04-06T16:59:49.427276+09:00,2026-04-01T00:00:00+09:00,2026-04-06T16:54:04+09:00
171,monthly,12565892,走り出した企業内診断士,just_ixora8135,https://note.com/just_ixora8135,True,1,2026-04-04T18:05:36+09:00,2026-04-04T18:05:36+09:00,1182,2026-04-06T16:59:49.427276+09:00,2026-04-01T00:00:00+09:00,2026-04-06T16:54:04+09:00
172,monthly,5315544,銀龍子,kimxz49_,https://note.com/kimxz49_,True,1,2026-04-04T18:00:05+09:00,2026-04-04T18:00:05+09:00,164,2026-04-06T16:59:49.427276+09:00,2026-04-01T00:00:00+09:00,2026-04-06T16:54:04+09:00
173,monthly,6843325,ゆを｜中学の課題に奮闘中🪽,tibi_kuri,https://note.com/tibi_kuri,True,1,2026-04-04T17:12:05+09:00,2026-04-04T17:12:05+09:00,542,2026-04-06T16:59:49.427276+09:00,2026-04-01T00:00:00+09:00,2026-04-06T16:54:04+09:00
174,monthly,18701,菊池洋勝,webhero,https://note.com/webhero,True,1,2026-04-04T17:08:00+09:00,2026-04-04T17:08:00+09:00,125,2026-04-06T16:59:49.427276+09:00,2026-04-01T00:00:00+09:00,2026-04-06T16:54:04+09:00
175,monthly,13958970,ミュール,hip_donkey6930,https://note.com/hip_donkey6930,True,1,2026-04-04T16:55:42+09:00,2026-04-04T16:55:42+09:00,82,2026-04-06T16:59:49.427276+09:00,2026-04-01T00:00:00+09:00,2026-04-06T16:54:04+09:00
176,monthly,13443416,なつきコイン,natsuki_coin,https://note.com/natsuki_coin,True,1,2026-04-04T16:34:16+09:00,2026-04-04T16:34:16+09:00,497,2026-04-06T16:59:49.427276+09:00,2026-04-01T00:00:00+09:00,2026-04-06T16:54:04+09:00
177,monthly,13433057,ビビ,bibi_bibilife,https://note.com/bibi_bibilife,True,1,2026-04-04T16:33:33+09:00,2026-04-04T16:33:33+09:00,8,2026-04-06T16:59:49.427276+09:00,2026-04-01T00:00:00+09:00,2026-04-06T16:54:04+09:00
178,monthly,13975738,競艇予想🍾レイナ,genial_bonobo766,https://note.com/genial_bonobo766,True,1,2026-04-04T16:03:04+09:00,2026-04-04T16:03:04+09:00,124,2026-04-06T16:59:49.427276+09:00,2026-04-01T00:00:00+09:00,2026-04-06T16:54:04+09:00
179,monthly,4676314,いえやす,yasro,https://note.com/yasro,True,1,2026-04-04T15:33:13+09:00,2026-04-04T15:33:13+09:00,6,2026-04-06T16:59:49.427276+09:00,2026-04-01T00:00:00+09:00,2026-04-06T16:54:04+09:00
180,monthly,13604554,平社員｜AI副業9日で0→1達成,fond_curlew4176,https://note.com/fond_curlew4176,True,1,2026-04-04T15:29:19+09:00,2026-04-04T15:29:19+09:00,109,2026-04-06T16:59:49.427276+09:00,2026-04-01T00:00:00+09:00,2026-04-06T16:54:04+09:00
181,monthly,14015928,さーとん｜AI時短術の専門家｜残業月45時間→0にした全手法,sato_ai_jitan,https://note.com/sato_ai_jitan,True,1,2026-04-04T15:06:27+09:00,2026-04-04T15:06:27+09:00,7,2026-04-06T16:59:49.427276+09:00,2026-04-01T00:00:00+09:00,2026-04-06T16:54:04+09:00
182,monthly,11830685,行手　麻礼　Itte-Marley,calm_bee3565,https://note.com/calm_bee3565,True,1,2026-04-04T14:54:06+09:00,2026-04-04T14:54:06+09:00,339,2026-04-06T16:59:49.427276+09:00,2026-04-01T00:00:00+09:00,2026-04-06T16:54:04+09:00
183,monthly,7802822,あっきー@沖縄在住 心理カウンセラー,happiness_csl,https://note.com/happiness_csl,True,1,2026-04-04T14:47:08+09:00,2026-04-04T14:47:08+09:00,122,2026-04-06T16:59:49.427276+09:00,2026-04-01T00:00:00+09:00,2026-04-06T16:54:04+09:00
184,monthly,13776287,けお,deft_bison3029,https://note.com/deft_bison3029,True,1,2026-04-04T14:12:58+09:00,2026-04-04T14:12:58+09:00,388,2026-04-06T16:59:49.427276+09:00,2026-04-01T00:00:00+09:00,2026-04-06T16:54:04+09:00
185,monthly,12249793,AIくま🧸🤖,yabu0917,https://note.com/yabu0917,True,1,2026-04-04T13:55:47+09:00,2026-04-04T13:55:47+09:00,301,2026-04-06T16:59:49.427276+09:00,2026-04-01T00:00:00+09:00,2026-04-06T16:54:04+09:00
186,monthly,13876542,Strawberry12,japak_12,https://note.com/japak_12,True,1,2026-04-04T13:53:32+09:00,2026-04-04T13:53:32+09:00,63,2026-04-06T16:59:49.427276+09:00,2026-04-01T00:00:00+09:00,2026-04-06T16:54:04+09:00
187,monthly,12038119,金田まり|スタートアップ&起業支援してるワーママ,alive_sheep6563,https://note.com/alive_sheep6563,True,1,2026-04-04T13:25:37+09:00,2026-04-04T13:25:37+09:00,1391,2026-04-06T16:59:49.427276+09:00,2026-04-01T00:00:00+09:00,2026-04-06T16:54:04+09:00
188,monthly,11064527,女性の副業→事業化（平日夜）,fine_human6733,https://note.com/fine_human6733,True,1,2026-04-04T13:20:54+09:00,2026-04-04T13:20:54+09:00,631,2026-04-06T16:59:49.427276+09:00,2026-04-01T00:00:00+09:00,2026-04-06T16:54:04+09:00
189,monthly,9640649,イヤホンジャックと豆🐒@ポタオデ,jackbeanmonkey,https://note.com/jackbeanmonkey,True,1,2026-04-04T13:17:13+09:00,2026-04-04T13:17:13+09:00,269,2026-04-06T16:59:49.427276+09:00,2026-04-01T00:00:00+09:00,2026-04-06T16:54:04+09:00
190,monthly,14076352,AI道場,note_ai_pro,https://note.com/note_ai_pro,True,1,2026-04-04T11:37:37+09:00,2026-04-04T11:37:37+09:00,1,2026-04-06T16:59:49.427276+09:00,2026-04-01T00:00:00+09:00,2026-04-06T16:54:04+09:00
191,monthly,13589617,admtmpgmpg,novel_briony3183,https://note.com/novel_briony3183,True,1,2026-04-04T10:19:44+09:00,2026-04-04T10:19:44+09:00,275,2026-04-06T16:59:49.427276+09:00,2026-04-01T00:00:00+09:00,2026-04-06T16:54:04+09:00
192,monthly,11920734,hana,hana_etc,https://note.com/hana_etc,True,1,2026-04-04T10:14:51+09:00,2026-04-04T10:14:51+09:00,435,2026-04-06T16:59:49.427276+09:00,2026-04-01T00:00:00+09:00,2026-04-06T16:54:04+09:00
193,monthly,12184384,嘉山洋輔 | ディープテック事業実装,choujin,https://note.com/choujin,True,1,2026-04-04T09:11:29+09:00,2026-04-04T09:11:29+09:00,5,2026-04-06T16:59:49.427276+09:00,2026-04-01T00:00:00+09:00,2026-04-06T16:54:04+09:00
194,monthly,3057612,風優(Fuu),royal_otter7092,https://note.com/royal_otter7092,True,1,2026-04-04T09:07:37+09:00,2026-04-04T09:07:37+09:00,795,2026-04-06T16:59:49.427276+09:00,2026-04-01T00:00:00+09:00,2026-04-06T16:54:04+09:00
195,monthly,9087799,Hirockn,hirockn,https://note.com/hirockn,True,1,2026-04-04T08:53:28+09:00,2026-04-04T08:53:28+09:00,537,2026-04-06T16:59:49.427276+09:00,2026-04-01T00:00:00+09:00,2026-04-06T16:54:04+09:00
196,monthly,11995700,赤髪のあかり✨️創作×記事紹介サポート,akari_seaart,https://note.com/akari_seaart,True,1,2026-04-04T08:44:34+09:00,2026-04-04T08:44:34+09:00,5309,2026-04-06T16:59:49.427276+09:00,2026-04-01T00:00:00+09:00,2026-04-06T16:54:04+09:00
197,monthly,9731714,yuuri,yuuri_nerd,https://note.com/yuuri_nerd,True,1,2026-04-04T07:27:14+09:00,2026-04-04T07:27:14+09:00,2984,2026-04-06T16:59:49.427276+09:00,2026-04-01T00:00:00+09:00,2026-04-06T16:54:04+09:00
198,monthly,14145780,副業初めましてさん,ssnn244343,https://note.com/ssnn244343,True,1,2026-04-04T01:08:09+09:00,2026-04-04T01:08:09+09:00,0,2026-04-06T16:59:49.427276+09:00,2026-04-01T00:00:00+09:00,2026-04-06T16:54:04+09:00
199,monthly,13830915,あやの,raffine_note33,https://note.com/raffine_note33,True,1,2026-04-04T00:13:17+09:00,2026-04-04T00:13:17+09:00,26,2026-04-06T16:59:49.427276+09:00,2026-04-01T00:00:00+09:00,2026-04-06T16:54:04+09:00
200,monthly,13794260,楽天の審美眼｜失敗しないQOLログ,shinbigan_log,https://note.com/shinbigan_log,True,1,2026-04-03T23:57:07+09:00,2026-04-03T23:57:07+09:00,732,2026-04-06T16:59:49.427276+09:00,2026-04-01T00:00:00+09:00,2026-04-06T16:54:04+09:00
201,monthly,12306908,Mari🌷｜4児ママsalon🌿‬ ｜育児と美容と健康のこと🌈🫧,hahawa_tsuyoku,https://note.com/hahawa_tsuyoku,True,1,2026-04-03T22:07:05+09:00,2026-04-03T22:07:05+09:00,702,2026-04-06T16:59:49.427276+09:00,2026-04-01T00:00:00+09:00,2026-04-06T16:54:04+09:00
202,monthly,13473295,ciraf_尾上裕典,ciraf_inc,https://note.com/ciraf_inc,True,1,2026-04-03T21:26:57+09:00,2026-04-03T21:26:57+09:00,149,2026-04-06T16:59:49.427276+09:00,2026-04-01T00:00:00+09:00,2026-04-06T16:54:04+09:00
203,monthly,10146701,ふんころう,humorou1,https://note.com/humorou1,True,1,2026-04-03T20:45:42+09:00,2026-04-03T20:45:42+09:00,948,2026-04-06T16:59:49.427276+09:00,2026-04-01T00:00:00+09:00,2026-04-06T16:54:04+09:00
204,monthly,279686,新井一（あらいはじめ）＠起業18フォーラム代表,happy_brains,https://note.com/happy_brains,True,1,2026-04-03T20:32:34+09:00,2026-04-03T20:32:34+09:00,1720,2026-04-06T16:59:49.427276+09:00,2026-04-01T00:00:00+09:00,2026-04-06T16:54:04+09:00
205,monthly,13963456,おいちゃん,oichan_0706,https://note.com/oichan_0706,True,1,2026-04-03T20:25:32+09:00,2026-04-03T20:25:32+09:00,115,2026-04-06T16:59:49.427276+09:00,2026-04-01T00:00:00+09:00,2026-04-06T16:54:04+09:00
206,monthly,535586,ペンちゃん | Gemini専門のAI絵師,tnakabe,https://note.com/tnakabe,True,1,2026-04-03T20:11:46+09:00,2026-04-03T20:11:46+09:00,533,2026-04-06T16:59:49.427276+09:00,2026-04-01T00:00:00+09:00,2026-04-06T16:54:04+09:00
207,monthly,11416616,影武者コピーライター宮本真愿,5starcopy,https://note.com/5starcopy,True,1,2026-04-03T20:07:38+09:00,2026-04-03T20:07:38+09:00,13553,2026-04-06T16:59:49.427276+09:00,2026-04-01T00:00:00+09:00,2026-04-06T16:54:04+09:00
208,monthly,1919113,へいぼんララバイ,heibonlullaby,https://note.com/heibonlullaby,True,1,2026-04-03T19:52:06+09:00,2026-04-03T19:52:06+09:00,565,2026-04-06T16:59:49.427276+09:00,2026-04-01T00:00:00+09:00,2026-04-06T16:54:04+09:00
209,monthly,2368036,マスター・ハゲ,hagemaster,https://note.com/hagemaster,True,1,2026-04-03T19:33:11+09:00,2026-04-03T19:33:11+09:00,3470,2026-04-06T16:59:49.427276+09:00,2026-04-01T00:00:00+09:00,2026-04-06T16:54:04+09:00
210,monthly,12971453,悠々（yuu-yuu）,tobidase_jumpfly,https://note.com/tobidase_jumpfly,True,1,2026-04-03T19:15:11+09:00,2026-04-03T19:15:11+09:00,17,2026-04-06T16:59:49.427276+09:00,2026-04-01T00:00:00+09:00,2026-04-06T16:54:04+09:00
211,monthly,13825318,じぇい＠AIエル,j_5billion_ai,https://note.com/j_5billion_ai,True,1,2026-04-03T18:51:12+09:00,2026-04-03T18:51:12+09:00,306,2026-04-06T16:59:49.427276+09:00,2026-04-01T00:00:00+09:00,2026-04-06T16:54:04+09:00
212,monthly,7580255,Kinu_AIイラスト,kinu885,https://note.com/kinu885,True,1,2026-04-03T18:40:14+09:00,2026-04-03T18:40:14+09:00,1307,2026-04-06T16:59:49.427276+09:00,2026-04-01T00:00:00+09:00,2026-04-06T16:54:04+09:00
213,monthly,13118789,くるいち,glad_cosmos628,https://note.com/glad_cosmos628,True,1,2026-04-03T17:32:56+09:00,2026-04-03T17:32:56+09:00,30,2026-04-06T16:59:49.427276+09:00,2026-04-01T00:00:00+09:00,2026-04-06T16:54:04+09:00
214,monthly,10607522,かっぱの庵,leal_oriole8107,https://note.com/leal_oriole8107,True,1,2026-04-03T16:54:32+09:00,2026-04-03T16:54:32+09:00,182,2026-04-06T16:59:49.427276+09:00,2026-04-01T00:00:00+09:00,2026-04-06T16:54:04+09:00
215,monthly,13287086,犬神銀,nice_carp6786,https://note.com/nice_carp6786,True,1,2026-04-03T16:52:34+09:00,2026-04-03T16:52:34+09:00,373,2026-04-06T16:59:49.427276+09:00,2026-04-01T00:00:00+09:00,2026-04-06T16:54:04+09:00
216,monthly,3102373,梶清智志│ルクア大阪セレクトショップ経営,1031kiyo,https://note.com/1031kiyo,True,1,2026-04-03T16:46:00+09:00,2026-04-03T16:46:00+09:00,1276,2026-04-06T16:59:49.427276+09:00,2026-04-01T00:00:00+09:00,2026-04-06T16:54:04+09:00
217,monthly,12151083,大善山,ohno3819,https://note.com/ohno3819,True,1,2026-04-03T16:35:02+09:00,2026-04-03T16:35:02+09:00,56,2026-04-06T16:59:49.427276+09:00,2026-04-01T00:00:00+09:00,2026-04-06T16:54:04+09:00
218,monthly,5089715,あすか ❘ 欲望の現場コンサルタント,thase70,https://note.com/thase70,True,1,2026-04-03T16:15:15+09:00,2026-04-03T16:15:15+09:00,5755,2026-04-06T16:59:49.427276+09:00,2026-04-01T00:00:00+09:00,2026-04-06T16:54:04+09:00
219,monthly,13405892,はむこ┊︎日常の「ちょっといいな」を集めてます,hamuko_cafe,https://note.com/hamuko_cafe,True,1,2026-04-03T16:04:52+09:00,2026-04-03T16:04:52+09:00,1420,2026-04-06T16:59:49.427276+09:00,2026-04-01T00:00:00+09:00,2026-04-06T16:54:04+09:00
220,monthly,13681030,ryuto@n8n公認クリエイター,ryuton8n,https://note.com/ryuton8n,True,1,2026-04-03T14:25:05+09:00,2026-04-03T14:25:05+09:00,12,2026-04-06T16:59:49.427276+09:00,2026-04-01T00:00:00+09:00,2026-04-06T16:54:04+09:00
221,monthly,11426505,まりえ,large_marie,https://note.com/large_marie,True,1,2026-04-03T13:56:33+09:00,2026-04-03T13:56:33+09:00,619,2026-04-06T16:59:49.427276+09:00,2026-04-01T00:00:00+09:00,2026-04-06T16:54:04+09:00
222,monthly,13287179,俊,nifty_daisy5185,https://note.com/nifty_daisy5185,True,1,2026-04-03T11:44:09+09:00,2026-04-03T11:44:09+09:00,1039,2026-04-06T16:59:49.427276+09:00,2026-04-01T00:00:00+09:00,2026-04-06T16:54:04+09:00
223,monthly,3843763,KEN@DX/AI布教したい,ken_hakodate,https://note.com/ken_hakodate,True,1,2026-04-03T09:02:59+09:00,2026-04-03T09:02:59+09:00,57,2026-04-06T16:59:49.427276+09:00,2026-04-01T00:00:00+09:00,2026-04-06T16:54:04+09:00
224,monthly,13641208,スマホAIもっち,grand_roses3348,https://note.com/grand_roses3348,True,1,2026-04-03T06:31:31+09:00,2026-04-03T06:31:31+09:00,471,2026-04-06T16:59:49.427276+09:00,2026-04-01T00:00:00+09:00,2026-04-06T16:54:04+09:00
225,monthly,13342222,青空 和平,brisk_viola3314,https://note.com/brisk_viola3314,True,1,2026-04-03T03:03:13+09:00,2026-04-03T03:03:13+09:00,551,2026-04-06T16:59:49.427276+09:00,2026-04-01T00:00:00+09:00,2026-04-06T16:54:04+09:00
226,monthly,13140757,雪詠,yukiyomi,https://note.com/yukiyomi,True,1,2026-04-02T23:41:09+09:00,2026-04-02T23:41:09+09:00,610,2026-04-06T16:59:49.427276+09:00,2026-04-01T00:00:00+09:00,2026-04-06T16:54:04+09:00
227,monthly,13686341,元・童貞のりょう,juicy_abelia6484,https://note.com/juicy_abelia6484,True,1,2026-04-02T22:40:18+09:00,2026-04-02T22:40:18+09:00,327,2026-04-06T16:59:49.427276+09:00,2026-04-01T00:00:00+09:00,2026-04-06T16:54:04+09:00
228,monthly,14069673,MSS株式会社｜代表MASA,mss_masa,https://note.com/mss_masa,True,1,2026-04-02T22:05:24+09:00,2026-04-02T22:05:24+09:00,16,2026-04-06T16:59:49.427276+09:00,2026-04-01T00:00:00+09:00,2026-04-06T16:54:04+09:00
229,monthly,3276253,マコトーん,makotos14,https://note.com/makotos14,True,1,2026-04-02T21:59:32+09:00,2026-04-02T21:59:32+09:00,103,2026-04-06T16:59:49.427276+09:00,2026-04-01T00:00:00+09:00,2026-04-06T16:54:04+09:00
230,monthly,13521292,九（ここのつ）/ 心の伴走ライター,xxx_666_xxx,https://note.com/xxx_666_xxx,True,1,2026-04-02T21:44:32+09:00,2026-04-02T21:44:32+09:00,390,2026-04-06T16:59:49.427276+09:00,2026-04-01T00:00:00+09:00,2026-04-06T16:54:04+09:00
231,monthly,13743120,yuu1109yuu,alert_yak9097,https://note.com/alert_yak9097,True,1,2026-04-02T20:30:14+09:00,2026-04-02T20:30:14+09:00,255,2026-04-06T16:59:49.427276+09:00,2026-04-01T00:00:00+09:00,2026-04-06T16:54:04+09:00
232,monthly,5490786,n,himoshi,https://note.com/himoshi,True,1,2026-04-02T19:11:03+09:00,2026-04-02T19:11:03+09:00,63,2026-04-06T16:59:49.427276+09:00,2026-04-01T00:00:00+09:00,2026-04-06T16:54:04+09:00
233,monthly,9838217,T,tender_swan4126,https://note.com/tender_swan4126,True,1,2026-04-02T17:54:11+09:00,2026-04-02T17:54:11+09:00,204,2026-04-06T16:59:49.427276+09:00,2026-04-01T00:00:00+09:00,2026-04-06T16:54:04+09:00
234,monthly,9642665,むらくん｜言葉のお布団の配達員,kosei_7194,https://note.com/kosei_7194,True,1,2026-04-02T17:42:18+09:00,2026-04-02T17:42:18+09:00,246,2026-04-06T16:59:49.427276+09:00,2026-04-01T00:00:00+09:00,2026-04-06T16:54:04+09:00
235,monthly,6861304,shin_0609,shin911,https://note.com/shin911,True,1,2026-04-02T14:32:29+09:00,2026-04-02T14:32:29+09:00,1336,2026-04-06T16:59:49.427276+09:00,2026-04-01T00:00:00+09:00,2026-04-06T16:54:04+09:00
236,monthly,12478988,note先生 | まさひろ　,notesensei98,https://note.com/notesensei98,True,1,2026-04-02T09:15:29+09:00,2026-04-02T09:15:29+09:00,582,2026-04-06T16:59:49.427276+09:00,2026-04-01T00:00:00+09:00,2026-04-06T16:54:04+09:00
237,monthly,13137374,宇宙珍獣🦄🌬️ユル勇者あかね,lovely_rose3365,https://note.com/lovely_rose3365,True,1,2026-04-02T08:39:45+09:00,2026-04-02T08:39:45+09:00,701,2026-04-06T16:59:49.427276+09:00,2026-04-01T00:00:00+09:00,2026-04-06T16:54:04+09:00
238,monthly,12411966,ルー＝シャーナ（ルーシャーナ）｜感覚をことばにする往復便,jolly_lupine2962,https://note.com/jolly_lupine2962,True,1,2026-04-02T08:21:59+09:00,2026-04-02T08:21:59+09:00,1319,2026-04-06T16:59:49.427276+09:00,2026-04-01T00:00:00+09:00,2026-04-06T16:54:04+09:00
239,monthly,12816465,けい@AIと共に未来を作るクリエイター🌈,ak_hikiyose,https://note.com/ak_hikiyose,True,1,2026-04-02T08:18:24+09:00,2026-04-02T08:18:24+09:00,5126,2026-04-06T16:59:49.427276+09:00,2026-04-01T00:00:00+09:00,2026-04-06T16:54:04+09:00
240,monthly,12409337,タピレモ,tapilemo,https://note.com/tapilemo,True,1,2026-04-02T08:13:13+09:00,2026-04-02T08:13:13+09:00,203,2026-04-06T16:59:49.427276+09:00,2026-04-01T00:00:00+09:00,2026-04-06T16:54:04+09:00
241,monthly,4249635,🕯️灯(あかり),border_observer,https://note.com/border_observer,True,1,2026-04-02T08:10:54+09:00,2026-04-02T08:10:54+09:00,12,2026-04-06T16:59:49.427276+09:00,2026-04-01T00:00:00+09:00,2026-04-06T16:54:04+09:00
242,monthly,1268565,村社瓦店,nifty_vole9692,https://note.com/nifty_vole9692,True,1,2026-04-02T07:29:58+09:00,2026-04-02T07:29:58+09:00,53,2026-04-06T16:59:49.427276+09:00,2026-04-01T00:00:00+09:00,2026-04-06T16:54:04+09:00
243,monthly,11263239,ebichan｜生成AIで「遠回りしない」を伝える人＠フォロバ100,joyful_guppy2715,https://note.com/joyful_guppy2715,True,1,2026-04-02T07:02:04+09:00,2026-04-02T07:02:04+09:00,670,2026-04-06T16:59:49.427276+09:00,2026-04-01T00:00:00+09:00,2026-04-06T16:54:04+09:00
244,monthly,12185509,ととのえ｜IT・AI推進の文系副業会社員｜仕事も暮らしもやさしく整える,odayaka_worklife,https://note.com/odayaka_worklife,True,1,2026-04-02T06:57:27+09:00,2026-04-02T06:57:27+09:00,1036,2026-04-06T16:59:49.427276+09:00,2026-04-01T00:00:00+09:00,2026-04-06T16:54:04+09:00
245,monthly,12196744,空想の宝石紀行,mistoria_jw,https://note.com/mistoria_jw,True,1,2026-04-02T06:39:18+09:00,2026-04-02T06:39:18+09:00,58,2026-04-06T16:59:49.427276+09:00,2026-04-01T00:00:00+09:00,2026-04-06T16:54:04+09:00
246,monthly,12063967,キッズ学習アドバイザー,kidsla_jp,https://note.com/kidsla_jp,True,1,2026-04-02T06:29:51+09:00,2026-04-02T06:29:51+09:00,1450,2026-04-06T16:59:49.427276+09:00,2026-04-01T00:00:00+09:00,2026-04-06T16:54:04+09:00
247,monthly,12503829,gentlereads |.naru,vivid_panda7082,https://note.com/vivid_panda7082,True,1,2026-04-02T06:21:08+09:00,2026-04-02T06:21:08+09:00,1059,2026-04-06T16:59:49.427276+09:00,2026-04-01T00:00:00+09:00,2026-04-06T16:54:04+09:00
248,monthly,8473713,片野けんじ/50代の悩みを解消するメンタルコーチ,cute_gerbil292,https://note.com/cute_gerbil292,True,1,2026-04-02T05:46:10+09:00,2026-04-02T05:46:10+09:00,543,2026-04-06T16:59:49.427276+09:00,2026-04-01T00:00:00+09:00,2026-04-06T16:54:04+09:00
249,monthly,11140246,喫茶それなり　,fate_1025,https://note.com/fate_1025,True,1,2026-04-02T05:22:39+09:00,2026-04-02T05:22:39+09:00,2524,2026-04-06T16:59:49.427276+09:00,2026-04-01T00:00:00+09:00,2026-04-06T16:54:04+09:00
250,monthly,7069317,syfan,syfan,https://note.com/syfan,True,1,2026-04-02T03:43:00+09:00,2026-04-02T03:43:00+09:00,1379,2026-04-06T16:59:49.427276+09:00,2026-04-01T00:00:00+09:00,2026-04-06T16:54:04+09:00
251,monthly,4229873,こうすけ　【楽しく生きるために必要なこと】 フォロバ100,kokokosukekeke,https://note.com/kokokosukekeke,True,1,2026-04-02T00:31:29+09:00,2026-04-02T00:31:29+09:00,3783,2026-04-06T16:59:49.427276+09:00,2026-04-01T00:00:00+09:00,2026-04-06T16:54:04+09:00
252,monthly,11850733,Mariya,mariya_1225,https://note.com/mariya_1225,True,1,2026-04-02T00:02:50+09:00,2026-04-02T00:02:50+09:00,992,2026-04-06T16:59:49.427276+09:00,2026-04-01T00:00:00+09:00,2026-04-06T16:54:04+09:00
253,monthly,12404502,幸せ太郎と桜桃一,fit_auklet4929,https://note.com/fit_auklet4929,True,1,2026-04-01T23:19:16+09:00,2026-04-01T23:19:16+09:00,1153,2026-04-06T16:59:49.427276+09:00,2026-04-01T00:00:00+09:00,2026-04-06T16:54:04+09:00
254,monthly,12301144,ゆぴか ☀︎ 遠回り主婦のRe:スタート,tasty_quoll5392,https://note.com/tasty_quoll5392,True,1,2026-04-01T22:45:56+09:00,2026-04-01T22:45:56+09:00,503,2026-04-06T16:59:49.427276+09:00,2026-04-01T00:00:00+09:00,2026-04-06T16:54:04+09:00
255,monthly,5343393,僕が世界一のクラブを創るまで。,no1itw,https://note.com/no1itw,True,1,2026-04-01T22:42:38+09:00,2026-04-01T22:42:38+09:00,54,2026-04-06T16:59:49.427276+09:00,2026-04-01T00:00:00+09:00,2026-04-06T16:54:04+09:00
256,monthly,13176209,オクオク君(億万長者君),honest_flax8068,https://note.com/honest_flax8068,True,1,2026-04-01T22:28:39+09:00,2026-04-01T22:28:39+09:00,1030,2026-04-06T16:59:49.427276+09:00,2026-04-01T00:00:00+09:00,2026-04-06T16:54:04+09:00
257,monthly,11264208,時空の空猫,quiet_murre4667,https://note.com/quiet_murre4667,True,1,2026-04-01T22:23:28+09:00,2026-04-01T22:23:28+09:00,1493,2026-04-06T16:59:49.427276+09:00,2026-04-01T00:00:00+09:00,2026-04-06T16:54:04+09:00
258,monthly,12570286,メルカリ徘徊者,merukari_haikai7,https://note.com/merukari_haikai7,True,1,2026-04-01T22:17:42+09:00,2026-04-01T22:17:42+09:00,961,2026-04-06T16:59:49.427276+09:00,2026-04-01T00:00:00+09:00,2026-04-06T16:54:04+09:00
259,monthly,11399351,服部（はっとり）｜食と仕事を、少し深く考える人,dandy_toucan6378,https://note.com/dandy_toucan6378,True,1,2026-04-01T22:17:15+09:00,2026-04-01T22:17:15+09:00,319,2026-04-06T16:59:49.427276+09:00,2026-04-01T00:00:00+09:00,2026-04-06T16:54:04+09:00
260,monthly,11280827,何ごともお気楽に,ripe_slug3624,https://note.com/ripe_slug3624,True,1,2026-04-01T21:28:29+09:00,2026-04-01T21:28:29+09:00,1698,2026-04-06T16:59:49.427276+09:00,2026-04-01T00:00:00+09:00,2026-04-06T16:54:04+09:00
261,monthly,13468408,マオト＠不景気に克,lovely_racoon,https://note.com/lovely_racoon,True,1,2026-04-01T21:23:03+09:00,2026-04-01T21:23:03+09:00,167,2026-04-06T16:59:49.427276+09:00,2026-04-01T00:00:00+09:00,2026-04-06T16:54:04+09:00
262,monthly,13220188,早希恵,manasaki521,https://note.com/manasaki521,True,1,2026-04-01T21:14:41+09:00,2026-04-01T21:14:41+09:00,43,2026-04-06T16:59:49.427276+09:00,2026-04-01T00:00:00+09:00,2026-04-06T16:54:04+09:00
263,monthly,8174872,ぐみ│心地よい暮らしを目指して。,joyous_cosmos347,https://note.com/joyous_cosmos347,True,1,2026-04-01T21:02:41+09:00,2026-04-01T21:02:41+09:00,97,2026-04-06T16:59:49.427276+09:00,2026-04-01T00:00:00+09:00,2026-04-06T16:54:04+09:00
264,monthly,13931372,凪音｜静かな人間研究,agile_magpie3774,https://note.com/agile_magpie3774,True,1,2026-04-01T20:54:11+09:00,2026-04-01T20:54:11+09:00,375,2026-04-06T16:59:49.427276+09:00,2026-04-01T00:00:00+09:00,2026-04-06T16:54:04+09:00
265,monthly,12660702,フォロバ100%/パソコン知識0中卒低賃金35歳父娘の為にYouTube収益化を目指すAです！,tender_emu4978,https://note.com/tender_emu4978,True,1,2026-04-01T20:36:43+09:00,2026-04-01T20:36:43+09:00,1422,2026-04-06T16:59:49.427276+09:00,2026-04-01T00:00:00+09:00,2026-04-06T16:54:04+09:00
266,monthly,11586474,🌀 みーちゃんの脳内探検記 〜高次機能障害とチャッピーと〜,fair_prawn5222,https://note.com/fair_prawn5222,True,1,2026-04-01T19:58:00+09:00,2026-04-01T19:58:00+09:00,2582,2026-04-06T16:59:49.427276+09:00,2026-04-01T00:00:00+09:00,2026-04-06T16:54:04+09:00
267,monthly,735049,りあら@伊豆箱根12年生！,reala_k,https://note.com/reala_k,True,1,2026-04-01T19:55:52+09:00,2026-04-01T19:55:52+09:00,256,2026-04-06T16:59:49.427276+09:00,2026-04-01T00:00:00+09:00,2026-04-06T16:54:04+09:00
268,monthly,12397395,ひつじレモン,fine_dog6917,https://note.com/fine_dog6917,True,1,2026-04-01T19:45:29+09:00,2026-04-01T19:45:29+09:00,340,2026-04-06T16:59:49.427276+09:00,2026-04-01T00:00:00+09:00,2026-04-06T16:54:04+09:00
269,monthly,13284615,yako_insta_mama,yako_instamama,https://note.com/yako_instamama,True,1,2026-04-01T19:26:14+09:00,2026-04-01T19:26:14+09:00,11,2026-04-06T16:59:49.427276+09:00,2026-04-01T00:00:00+09:00,2026-04-06T16:54:04+09:00
270,monthly,13718438,たかみぃ。,lively_acacia958,https://note.com/lively_acacia958,True,1,2026-04-01T16:15:15+09:00,2026-04-01T16:15:15+09:00,101,2026-04-06T16:59:49.427276+09:00,2026-04-01T00:00:00+09:00,2026-04-06T16:54:04+09:00
271,monthly,3608968,KITAcore｜キタコレ＠ログプレイヤー,ktcrs1107,https://note.com/ktcrs1107,True,1,2026-04-01T15:05:21+09:00,2026-04-01T15:05:21+09:00,1021,2026-04-06T16:59:49.427276+09:00,2026-04-01T00:00:00+09:00,2026-04-06T16:54:04+09:00
272,monthly,13810506,天才ランナーハカセくん,saitekikai_iq200,https://note.com/saitekikai_iq200,True,1,2026-04-01T13:47:46+09:00,2026-04-01T13:47:46+09:00,80,2026-04-06T16:59:49.427276+09:00,2026-04-01T00:00:00+09:00,2026-04-06T16:54:04+09:00
273,monthly,9837806,Rena｜あなたと魂を繋ぐメッセンジャー,renachan7777,https://note.com/renachan7777,True,1,2026-04-01T13:43:54+09:00,2026-04-01T13:43:54+09:00,609,2026-04-06T16:59:49.427276+09:00,2026-04-01T00:00:00+09:00,2026-04-06T16:54:04+09:00
274,monthly,6267774,みくもたかお,good_ruse50,https://note.com/good_ruse50,True,1,2026-04-01T12:18:13+09:00,2026-04-01T12:18:13+09:00,600,2026-04-06T16:59:49.427276+09:00,2026-04-01T00:00:00+09:00,2026-04-06T16:54:04+09:00
275,monthly,13604796,投稿1000回後に今とは全く違う世界線に行くための日記,1000nichigoni,https://note.com/1000nichigoni,True,1,2026-04-01T10:26:53+09:00,2026-04-01T10:26:53+09:00,122,2026-04-06T16:59:49.427276+09:00,2026-04-01T00:00:00+09:00,2026-04-06T16:54:04+09:00
276,monthly,12777186,じゃけん,jaken_note,https://note.com/jaken_note,True,1,2026-04-01T10:11:59+09:00,2026-04-01T10:11:59+09:00,6,2026-04-06T16:59:49.427276+09:00,2026-04-01T00:00:00+09:00,2026-04-06T16:54:04+09:00
277,monthly,12266312,ハムカツ🐰｜命の燈を灯す人,real_crow6063,https://note.com/real_crow6063,True,1,2026-04-01T09:46:44+09:00,2026-04-01T09:46:44+09:00,452,2026-04-06T16:59:49.427276+09:00,2026-04-01T00:00:00+09:00,2026-04-06T16:54:04+09:00
278,monthly,8322800,蒼と柚,azure_and_citron,https://note.com/azure_and_citron,True,1,2026-04-01T08:08:12+09:00,2026-04-01T08:08:12+09:00,116,2026-04-06T16:59:49.427276+09:00,2026-04-01T00:00:00+09:00,2026-04-06T16:54:04+09:00
279,monthly,7405249,あべまる@漫画家 愛知 相互フォロー,abemaru3,https://note.com/abemaru3,True,1,2026-04-01T07:28:53+09:00,2026-04-01T07:28:53+09:00,2466,2026-04-06T16:59:49.427276+09:00,2026-04-01T00:00:00+09:00,2026-04-06T16:54:04+09:00
280,monthly,5230260,りんくす@AI人格コーディネーター,links_lt,https://note.com/links_lt,True,1,2026-04-01T07:18:12+09:00,2026-04-01T07:18:12+09:00,11218,2026-04-06T16:59:49.427276+09:00,2026-04-01T00:00:00+09:00,2026-04-06T16:54:04+09:00
281,monthly,7643077,ゆかね@終活アドバイザー,jolly_hare498,https://note.com/jolly_hare498,True,1,2026-04-01T06:49:26+09:00,2026-04-01T06:49:26+09:00,770,2026-04-06T16:59:49.427276+09:00,2026-04-01T00:00:00+09:00,2026-04-06T16:54:04+09:00
282,monthly,11618650,京,humble_gibbon560,https://note.com/humble_gibbon560,True,1,2026-04-01T06:43:30+09:00,2026-04-01T06:43:30+09:00,1092,2026-04-06T16:59:49.427276+09:00,2026-04-01T00:00:00+09:00,2026-04-06T16:54:04+09:00
283,monthly,11795602,祥吉,glossy_yak7745,https://note.com/glossy_yak7745,True,1,2026-04-01T06:18:48+09:00,2026-04-01T06:18:48+09:00,823,2026-04-06T16:59:49.427276+09:00,2026-04-01T00:00:00+09:00,2026-04-06T16:54:04+09:00
284,monthly,12965691,不器用爺（ダメじいさん）：隠居。収益不要。資格：ヘルパー2級。AFP。IT応用技術者情報,royal_heron8069,https://note.com/royal_heron8069,True,1,2026-04-01T03:36:11+09:00,2026-04-01T03:36:11+09:00,263,2026-04-06T16:59:49.427276+09:00,2026-04-01T00:00:00+09:00,2026-04-06T16:54:04+09:00
