ranking_type,date,like_user_id,creator_name,creator_urlname,score_daily,score_cumulative,period_start,period_end,generated_at
this_week,2026-08-03,7830971,ハカセ アイ (Ai-Hakase)🐱YouTube × 記事でトレンドAIを解説する為のnote🐾,ai_hakase,40,40,2026-08-03T00:00:00+09:00,2026-08-05T06:51:05.856376+09:00,2026-08-05T06:51:05.856376+09:00
this_week,2026-08-03,13870436,ママ薬剤師HONO,hospital_ph_hono,38,38,2026-08-03T00:00:00+09:00,2026-08-05T06:51:05.856376+09:00,2026-08-05T06:51:05.856376+09:00
this_week,2026-08-03,13430194,あきまむ,fond_shark9221,50,50,2026-08-03T00:00:00+09:00,2026-08-05T06:51:05.856376+09:00,2026-08-05T06:51:05.856376+09:00
this_week,2026-08-03,12668465,紅茶🫖｜ことばの庭,usagi_no_mimi_,16,16,2026-08-03T00:00:00+09:00,2026-08-05T06:51:05.856376+09:00,2026-08-05T06:51:05.856376+09:00
this_week,2026-08-03,11870206,椿みきこ🌸季節の花ごよみ,hirata_mikiko60,18,18,2026-08-03T00:00:00+09:00,2026-08-05T06:51:05.856376+09:00,2026-08-05T06:51:05.856376+09:00
this_week,2026-08-04,7830971,ハカセ アイ (Ai-Hakase)🐱YouTube × 記事でトレンドAIを解説する為のnote🐾,ai_hakase,57,97,2026-08-03T00:00:00+09:00,2026-08-05T06:51:05.856376+09:00,2026-08-05T06:51:05.856376+09:00
this_week,2026-08-04,13870436,ママ薬剤師HONO,hospital_ph_hono,40,78,2026-08-03T00:00:00+09:00,2026-08-05T06:51:05.856376+09:00,2026-08-05T06:51:05.856376+09:00
this_week,2026-08-04,13430194,あきまむ,fond_shark9221,5,55,2026-08-03T00:00:00+09:00,2026-08-05T06:51:05.856376+09:00,2026-08-05T06:51:05.856376+09:00
this_week,2026-08-04,12668465,紅茶🫖｜ことばの庭,usagi_no_mimi_,28,44,2026-08-03T00:00:00+09:00,2026-08-05T06:51:05.856376+09:00,2026-08-05T06:51:05.856376+09:00
this_week,2026-08-04,11870206,椿みきこ🌸季節の花ごよみ,hirata_mikiko60,28,46,2026-08-03T00:00:00+09:00,2026-08-05T06:51:05.856376+09:00,2026-08-05T06:51:05.856376+09:00
this_week,2026-08-05,7830971,ハカセ アイ (Ai-Hakase)🐱YouTube × 記事でトレンドAIを解説する為のnote🐾,ai_hakase,0,97,2026-08-03T00:00:00+09:00,2026-08-05T06:51:05.856376+09:00,2026-08-05T06:51:05.856376+09:00
this_week,2026-08-05,13870436,ママ薬剤師HONO,hospital_ph_hono,15,93,2026-08-03T00:00:00+09:00,2026-08-05T06:51:05.856376+09:00,2026-08-05T06:51:05.856376+09:00
this_week,2026-08-05,13430194,あきまむ,fond_shark9221,0,55,2026-08-03T00:00:00+09:00,2026-08-05T06:51:05.856376+09:00,2026-08-05T06:51:05.856376+09:00
this_week,2026-08-05,12668465,紅茶🫖｜ことばの庭,usagi_no_mimi_,5,49,2026-08-03T00:00:00+09:00,2026-08-05T06:51:05.856376+09:00,2026-08-05T06:51:05.856376+09:00
this_week,2026-08-05,11870206,椿みきこ🌸季節の花ごよみ,hirata_mikiko60,0,46,2026-08-03T00:00:00+09:00,2026-08-05T06:51:05.856376+09:00,2026-08-05T06:51:05.856376+09:00
last_week,2026-07-27,12158291,考える赤柴｜司法書士試験結果待ち中,eager_thyme9842,58,58,2026-07-27T00:00:00+09:00,2026-08-02T23:59:59.999999+09:00,2026-08-05T06:51:05.856376+09:00
last_week,2026-07-27,13870436,ママ薬剤師HONO,hospital_ph_hono,20,20,2026-07-27T00:00:00+09:00,2026-08-02T23:59:59.999999+09:00,2026-08-05T06:51:05.856376+09:00
last_week,2026-07-27,11870206,椿みきこ🌸季節の花ごよみ,hirata_mikiko60,16,16,2026-07-27T00:00:00+09:00,2026-08-02T23:59:59.999999+09:00,2026-08-05T06:51:05.856376+09:00
last_week,2026-07-27,13502174,架空彼氏製作所｜AIイラスト,kakuu_kareshi,38,38,2026-07-27T00:00:00+09:00,2026-08-02T23:59:59.999999+09:00,2026-08-05T06:51:05.856376+09:00
last_week,2026-07-27,13777980,しげちーSS,shjgechy,10,10,2026-07-27T00:00:00+09:00,2026-08-02T23:59:59.999999+09:00,2026-08-05T06:51:05.856376+09:00
last_week,2026-07-28,12158291,考える赤柴｜司法書士試験結果待ち中,eager_thyme9842,73,131,2026-07-27T00:00:00+09:00,2026-08-02T23:59:59.999999+09:00,2026-08-05T06:51:05.856376+09:00
last_week,2026-07-28,13870436,ママ薬剤師HONO,hospital_ph_hono,20,40,2026-07-27T00:00:00+09:00,2026-08-02T23:59:59.999999+09:00,2026-08-05T06:51:05.856376+09:00
last_week,2026-07-28,11870206,椿みきこ🌸季節の花ごよみ,hirata_mikiko60,5,21,2026-07-27T00:00:00+09:00,2026-08-02T23:59:59.999999+09:00,2026-08-05T06:51:05.856376+09:00
last_week,2026-07-28,13502174,架空彼氏製作所｜AIイラスト,kakuu_kareshi,8,46,2026-07-27T00:00:00+09:00,2026-08-02T23:59:59.999999+09:00,2026-08-05T06:51:05.856376+09:00
last_week,2026-07-28,13777980,しげちーSS,shjgechy,17,27,2026-07-27T00:00:00+09:00,2026-08-02T23:59:59.999999+09:00,2026-08-05T06:51:05.856376+09:00
last_week,2026-07-29,12158291,考える赤柴｜司法書士試験結果待ち中,eager_thyme9842,8,139,2026-07-27T00:00:00+09:00,2026-08-02T23:59:59.999999+09:00,2026-08-05T06:51:05.856376+09:00
last_week,2026-07-29,13870436,ママ薬剤師HONO,hospital_ph_hono,8,48,2026-07-27T00:00:00+09:00,2026-08-02T23:59:59.999999+09:00,2026-08-05T06:51:05.856376+09:00
last_week,2026-07-29,11870206,椿みきこ🌸季節の花ごよみ,hirata_mikiko60,8,29,2026-07-27T00:00:00+09:00,2026-08-02T23:59:59.999999+09:00,2026-08-05T06:51:05.856376+09:00
last_week,2026-07-29,13502174,架空彼氏製作所｜AIイラスト,kakuu_kareshi,0,46,2026-07-27T00:00:00+09:00,2026-08-02T23:59:59.999999+09:00,2026-08-05T06:51:05.856376+09:00
last_week,2026-07-29,13777980,しげちーSS,shjgechy,8,35,2026-07-27T00:00:00+09:00,2026-08-02T23:59:59.999999+09:00,2026-08-05T06:51:05.856376+09:00
last_week,2026-07-30,12158291,考える赤柴｜司法書士試験結果待ち中,eager_thyme9842,18,157,2026-07-27T00:00:00+09:00,2026-08-02T23:59:59.999999+09:00,2026-08-05T06:51:05.856376+09:00
last_week,2026-07-30,13870436,ママ薬剤師HONO,hospital_ph_hono,50,98,2026-07-27T00:00:00+09:00,2026-08-02T23:59:59.999999+09:00,2026-08-05T06:51:05.856376+09:00
last_week,2026-07-30,11870206,椿みきこ🌸季節の花ごよみ,hirata_mikiko60,28,57,2026-07-27T00:00:00+09:00,2026-08-02T23:59:59.999999+09:00,2026-08-05T06:51:05.856376+09:00
last_week,2026-07-30,13502174,架空彼氏製作所｜AIイラスト,kakuu_kareshi,0,46,2026-07-27T00:00:00+09:00,2026-08-02T23:59:59.999999+09:00,2026-08-05T06:51:05.856376+09:00
last_week,2026-07-30,13777980,しげちーSS,shjgechy,18,53,2026-07-27T00:00:00+09:00,2026-08-02T23:59:59.999999+09:00,2026-08-05T06:51:05.856376+09:00
last_week,2026-07-31,12158291,考える赤柴｜司法書士試験結果待ち中,eager_thyme9842,13,170,2026-07-27T00:00:00+09:00,2026-08-02T23:59:59.999999+09:00,2026-08-05T06:51:05.856376+09:00
last_week,2026-07-31,13870436,ママ薬剤師HONO,hospital_ph_hono,5,103,2026-07-27T00:00:00+09:00,2026-08-02T23:59:59.999999+09:00,2026-08-05T06:51:05.856376+09:00
last_week,2026-07-31,11870206,椿みきこ🌸季節の花ごよみ,hirata_mikiko60,8,65,2026-07-27T00:00:00+09:00,2026-08-02T23:59:59.999999+09:00,2026-08-05T06:51:05.856376+09:00
last_week,2026-07-31,13502174,架空彼氏製作所｜AIイラスト,kakuu_kareshi,23,69,2026-07-27T00:00:00+09:00,2026-08-02T23:59:59.999999+09:00,2026-08-05T06:51:05.856376+09:00
last_week,2026-07-31,13777980,しげちーSS,shjgechy,10,63,2026-07-27T00:00:00+09:00,2026-08-02T23:59:59.999999+09:00,2026-08-05T06:51:05.856376+09:00
last_week,2026-08-01,12158291,考える赤柴｜司法書士試験結果待ち中,eager_thyme9842,18,188,2026-07-27T00:00:00+09:00,2026-08-02T23:59:59.999999+09:00,2026-08-05T06:51:05.856376+09:00
last_week,2026-08-01,13870436,ママ薬剤師HONO,hospital_ph_hono,10,113,2026-07-27T00:00:00+09:00,2026-08-02T23:59:59.999999+09:00,2026-08-05T06:51:05.856376+09:00
last_week,2026-08-01,11870206,椿みきこ🌸季節の花ごよみ,hirata_mikiko60,10,75,2026-07-27T00:00:00+09:00,2026-08-02T23:59:59.999999+09:00,2026-08-05T06:51:05.856376+09:00
last_week,2026-08-01,13502174,架空彼氏製作所｜AIイラスト,kakuu_kareshi,0,69,2026-07-27T00:00:00+09:00,2026-08-02T23:59:59.999999+09:00,2026-08-05T06:51:05.856376+09:00
last_week,2026-08-01,13777980,しげちーSS,shjgechy,10,73,2026-07-27T00:00:00+09:00,2026-08-02T23:59:59.999999+09:00,2026-08-05T06:51:05.856376+09:00
last_week,2026-08-02,12158291,考える赤柴｜司法書士試験結果待ち中,eager_thyme9842,8,196,2026-07-27T00:00:00+09:00,2026-08-02T23:59:59.999999+09:00,2026-08-05T06:51:05.856376+09:00
last_week,2026-08-02,13870436,ママ薬剤師HONO,hospital_ph_hono,20,133,2026-07-27T00:00:00+09:00,2026-08-02T23:59:59.999999+09:00,2026-08-05T06:51:05.856376+09:00
last_week,2026-08-02,11870206,椿みきこ🌸季節の花ごよみ,hirata_mikiko60,18,93,2026-07-27T00:00:00+09:00,2026-08-02T23:59:59.999999+09:00,2026-08-05T06:51:05.856376+09:00
last_week,2026-08-02,13502174,架空彼氏製作所｜AIイラスト,kakuu_kareshi,23,92,2026-07-27T00:00:00+09:00,2026-08-02T23:59:59.999999+09:00,2026-08-05T06:51:05.856376+09:00
last_week,2026-08-02,13777980,しげちーSS,shjgechy,16,89,2026-07-27T00:00:00+09:00,2026-08-02T23:59:59.999999+09:00,2026-08-05T06:51:05.856376+09:00
monthly,2026-08-01,7830971,ハカセ アイ (Ai-Hakase)🐱YouTube × 記事でトレンドAIを解説する為のnote🐾,ai_hakase,10,10,2026-08-01T00:00:00+09:00,2026-08-05T06:51:05.856376+09:00,2026-08-05T06:51:05.856376+09:00
monthly,2026-08-01,13870436,ママ薬剤師HONO,hospital_ph_hono,10,10,2026-08-01T00:00:00+09:00,2026-08-05T06:51:05.856376+09:00,2026-08-05T06:51:05.856376+09:00
monthly,2026-08-01,11870206,椿みきこ🌸季節の花ごよみ,hirata_mikiko60,10,10,2026-08-01T00:00:00+09:00,2026-08-05T06:51:05.856376+09:00,2026-08-05T06:51:05.856376+09:00
monthly,2026-08-01,12158291,考える赤柴｜司法書士試験結果待ち中,eager_thyme9842,18,18,2026-08-01T00:00:00+09:00,2026-08-05T06:51:05.856376+09:00,2026-08-05T06:51:05.856376+09:00
monthly,2026-08-01,12906286,Minori | ミノリ,open_tulip9172,15,15,2026-08-01T00:00:00+09:00,2026-08-05T06:51:05.856376+09:00,2026-08-05T06:51:05.856376+09:00
monthly,2026-08-02,7830971,ハカセ アイ (Ai-Hakase)🐱YouTube × 記事でトレンドAIを解説する為のnote🐾,ai_hakase,20,30,2026-08-01T00:00:00+09:00,2026-08-05T06:51:05.856376+09:00,2026-08-05T06:51:05.856376+09:00
monthly,2026-08-02,13870436,ママ薬剤師HONO,hospital_ph_hono,20,30,2026-08-01T00:00:00+09:00,2026-08-05T06:51:05.856376+09:00,2026-08-05T06:51:05.856376+09:00
monthly,2026-08-02,11870206,椿みきこ🌸季節の花ごよみ,hirata_mikiko60,18,28,2026-08-01T00:00:00+09:00,2026-08-05T06:51:05.856376+09:00,2026-08-05T06:51:05.856376+09:00
monthly,2026-08-02,12158291,考える赤柴｜司法書士試験結果待ち中,eager_thyme9842,8,26,2026-08-01T00:00:00+09:00,2026-08-05T06:51:05.856376+09:00,2026-08-05T06:51:05.856376+09:00
monthly,2026-08-02,12906286,Minori | ミノリ,open_tulip9172,28,43,2026-08-01T00:00:00+09:00,2026-08-05T06:51:05.856376+09:00,2026-08-05T06:51:05.856376+09:00
monthly,2026-08-03,7830971,ハカセ アイ (Ai-Hakase)🐱YouTube × 記事でトレンドAIを解説する為のnote🐾,ai_hakase,40,70,2026-08-01T00:00:00+09:00,2026-08-05T06:51:05.856376+09:00,2026-08-05T06:51:05.856376+09:00
monthly,2026-08-03,13870436,ママ薬剤師HONO,hospital_ph_hono,38,68,2026-08-01T00:00:00+09:00,2026-08-05T06:51:05.856376+09:00,2026-08-05T06:51:05.856376+09:00
monthly,2026-08-03,11870206,椿みきこ🌸季節の花ごよみ,hirata_mikiko60,18,46,2026-08-01T00:00:00+09:00,2026-08-05T06:51:05.856376+09:00,2026-08-05T06:51:05.856376+09:00
monthly,2026-08-03,12158291,考える赤柴｜司法書士試験結果待ち中,eager_thyme9842,18,44,2026-08-01T00:00:00+09:00,2026-08-05T06:51:05.856376+09:00,2026-08-05T06:51:05.856376+09:00
monthly,2026-08-03,12906286,Minori | ミノリ,open_tulip9172,8,51,2026-08-01T00:00:00+09:00,2026-08-05T06:51:05.856376+09:00,2026-08-05T06:51:05.856376+09:00
monthly,2026-08-04,7830971,ハカセ アイ (Ai-Hakase)🐱YouTube × 記事でトレンドAIを解説する為のnote🐾,ai_hakase,57,127,2026-08-01T00:00:00+09:00,2026-08-05T06:51:05.856376+09:00,2026-08-05T06:51:05.856376+09:00
monthly,2026-08-04,13870436,ママ薬剤師HONO,hospital_ph_hono,40,108,2026-08-01T00:00:00+09:00,2026-08-05T06:51:05.856376+09:00,2026-08-05T06:51:05.856376+09:00
monthly,2026-08-04,11870206,椿みきこ🌸季節の花ごよみ,hirata_mikiko60,28,74,2026-08-01T00:00:00+09:00,2026-08-05T06:51:05.856376+09:00,2026-08-05T06:51:05.856376+09:00
monthly,2026-08-04,12158291,考える赤柴｜司法書士試験結果待ち中,eager_thyme9842,25,69,2026-08-01T00:00:00+09:00,2026-08-05T06:51:05.856376+09:00,2026-08-05T06:51:05.856376+09:00
monthly,2026-08-04,12906286,Minori | ミノリ,open_tulip9172,8,59,2026-08-01T00:00:00+09:00,2026-08-05T06:51:05.856376+09:00,2026-08-05T06:51:05.856376+09:00
monthly,2026-08-05,7830971,ハカセ アイ (Ai-Hakase)🐱YouTube × 記事でトレンドAIを解説する為のnote🐾,ai_hakase,0,127,2026-08-01T00:00:00+09:00,2026-08-05T06:51:05.856376+09:00,2026-08-05T06:51:05.856376+09:00
monthly,2026-08-05,13870436,ママ薬剤師HONO,hospital_ph_hono,15,123,2026-08-01T00:00:00+09:00,2026-08-05T06:51:05.856376+09:00,2026-08-05T06:51:05.856376+09:00
monthly,2026-08-05,11870206,椿みきこ🌸季節の花ごよみ,hirata_mikiko60,0,74,2026-08-01T00:00:00+09:00,2026-08-05T06:51:05.856376+09:00,2026-08-05T06:51:05.856376+09:00
monthly,2026-08-05,12158291,考える赤柴｜司法書士試験結果待ち中,eager_thyme9842,0,69,2026-08-01T00:00:00+09:00,2026-08-05T06:51:05.856376+09:00,2026-08-05T06:51:05.856376+09:00
monthly,2026-08-05,12906286,Minori | ミノリ,open_tulip9172,5,64,2026-08-01T00:00:00+09:00,2026-08-05T06:51:05.856376+09:00,2026-08-05T06:51:05.856376+09:00
last_month,2026-07-01,12158291,考える赤柴｜司法書士試験結果待ち中,eager_thyme9842,18,18,2026-07-01T00:00:00+09:00,2026-07-31T23:59:59.999999+09:00,2026-08-05T06:51:05.856376+09:00
last_month,2026-07-01,564742,ta_kawano,takawano,0,0,2026-07-01T00:00:00+09:00,2026-07-31T23:59:59.999999+09:00,2026-08-05T06:51:05.856376+09:00
last_month,2026-07-01,346575,桜星雨夜,squallxxx,50,50,2026-07-01T00:00:00+09:00,2026-07-31T23:59:59.999999+09:00,2026-08-05T06:51:05.856376+09:00
last_month,2026-07-01,13430194,あきまむ,fond_shark9221,8,8,2026-07-01T00:00:00+09:00,2026-07-31T23:59:59.999999+09:00,2026-08-05T06:51:05.856376+09:00
last_month,2026-07-01,11583083,夏目羊,hitsuji_natsume,0,0,2026-07-01T00:00:00+09:00,2026-07-31T23:59:59.999999+09:00,2026-08-05T06:51:05.856376+09:00
last_month,2026-07-02,12158291,考える赤柴｜司法書士試験結果待ち中,eager_thyme9842,38,56,2026-07-01T00:00:00+09:00,2026-07-31T23:59:59.999999+09:00,2026-08-05T06:51:05.856376+09:00
last_month,2026-07-02,564742,ta_kawano,takawano,0,0,2026-07-01T00:00:00+09:00,2026-07-31T23:59:59.999999+09:00,2026-08-05T06:51:05.856376+09:00
last_month,2026-07-02,346575,桜星雨夜,squallxxx,8,58,2026-07-01T00:00:00+09:00,2026-07-31T23:59:59.999999+09:00,2026-08-05T06:51:05.856376+09:00
last_month,2026-07-02,13430194,あきまむ,fond_shark9221,28,36,2026-07-01T00:00:00+09:00,2026-07-31T23:59:59.999999+09:00,2026-08-05T06:51:05.856376+09:00
last_month,2026-07-02,11583083,夏目羊,hitsuji_natsume,0,0,2026-07-01T00:00:00+09:00,2026-07-31T23:59:59.999999+09:00,2026-08-05T06:51:05.856376+09:00
last_month,2026-07-03,12158291,考える赤柴｜司法書士試験結果待ち中,eager_thyme9842,28,84,2026-07-01T00:00:00+09:00,2026-07-31T23:59:59.999999+09:00,2026-08-05T06:51:05.856376+09:00
last_month,2026-07-03,564742,ta_kawano,takawano,0,0,2026-07-01T00:00:00+09:00,2026-07-31T23:59:59.999999+09:00,2026-08-05T06:51:05.856376+09:00
last_month,2026-07-03,346575,桜星雨夜,squallxxx,15,73,2026-07-01T00:00:00+09:00,2026-07-31T23:59:59.999999+09:00,2026-08-05T06:51:05.856376+09:00
last_month,2026-07-03,13430194,あきまむ,fond_shark9221,90,126,2026-07-01T00:00:00+09:00,2026-07-31T23:59:59.999999+09:00,2026-08-05T06:51:05.856376+09:00
last_month,2026-07-03,11583083,夏目羊,hitsuji_natsume,17,17,2026-07-01T00:00:00+09:00,2026-07-31T23:59:59.999999+09:00,2026-08-05T06:51:05.856376+09:00
last_month,2026-07-04,12158291,考える赤柴｜司法書士試験結果待ち中,eager_thyme9842,18,102,2026-07-01T00:00:00+09:00,2026-07-31T23:59:59.999999+09:00,2026-08-05T06:51:05.856376+09:00
last_month,2026-07-04,564742,ta_kawano,takawano,52,52,2026-07-01T00:00:00+09:00,2026-07-31T23:59:59.999999+09:00,2026-08-05T06:51:05.856376+09:00
last_month,2026-07-04,346575,桜星雨夜,squallxxx,48,121,2026-07-01T00:00:00+09:00,2026-07-31T23:59:59.999999+09:00,2026-08-05T06:51:05.856376+09:00
last_month,2026-07-04,13430194,あきまむ,fond_shark9221,8,134,2026-07-01T00:00:00+09:00,2026-07-31T23:59:59.999999+09:00,2026-08-05T06:51:05.856376+09:00
last_month,2026-07-04,11583083,夏目羊,hitsuji_natsume,0,17,2026-07-01T00:00:00+09:00,2026-07-31T23:59:59.999999+09:00,2026-08-05T06:51:05.856376+09:00
last_month,2026-07-05,12158291,考える赤柴｜司法書士試験結果待ち中,eager_thyme9842,25,127,2026-07-01T00:00:00+09:00,2026-07-31T23:59:59.999999+09:00,2026-08-05T06:51:05.856376+09:00
last_month,2026-07-05,564742,ta_kawano,takawano,8,60,2026-07-01T00:00:00+09:00,2026-07-31T23:59:59.999999+09:00,2026-08-05T06:51:05.856376+09:00
last_month,2026-07-05,346575,桜星雨夜,squallxxx,20,141,2026-07-01T00:00:00+09:00,2026-07-31T23:59:59.999999+09:00,2026-08-05T06:51:05.856376+09:00
last_month,2026-07-05,13430194,あきまむ,fond_shark9221,8,142,2026-07-01T00:00:00+09:00,2026-07-31T23:59:59.999999+09:00,2026-08-05T06:51:05.856376+09:00
last_month,2026-07-05,11583083,夏目羊,hitsuji_natsume,0,17,2026-07-01T00:00:00+09:00,2026-07-31T23:59:59.999999+09:00,2026-08-05T06:51:05.856376+09:00
last_month,2026-07-06,12158291,考える赤柴｜司法書士試験結果待ち中,eager_thyme9842,68,195,2026-07-01T00:00:00+09:00,2026-07-31T23:59:59.999999+09:00,2026-08-05T06:51:05.856376+09:00
last_month,2026-07-06,564742,ta_kawano,takawano,56,116,2026-07-01T00:00:00+09:00,2026-07-31T23:59:59.999999+09:00,2026-08-05T06:51:05.856376+09:00
last_month,2026-07-06,346575,桜星雨夜,squallxxx,18,159,2026-07-01T00:00:00+09:00,2026-07-31T23:59:59.999999+09:00,2026-08-05T06:51:05.856376+09:00
last_month,2026-07-06,13430194,あきまむ,fond_shark9221,18,160,2026-07-01T00:00:00+09:00,2026-07-31T23:59:59.999999+09:00,2026-08-05T06:51:05.856376+09:00
last_month,2026-07-06,11583083,夏目羊,hitsuji_natsume,8,25,2026-07-01T00:00:00+09:00,2026-07-31T23:59:59.999999+09:00,2026-08-05T06:51:05.856376+09:00
last_month,2026-07-07,12158291,考える赤柴｜司法書士試験結果待ち中,eager_thyme9842,38,233,2026-07-01T00:00:00+09:00,2026-07-31T23:59:59.999999+09:00,2026-08-05T06:51:05.856376+09:00
last_month,2026-07-07,564742,ta_kawano,takawano,110,226,2026-07-01T00:00:00+09:00,2026-07-31T23:59:59.999999+09:00,2026-08-05T06:51:05.856376+09:00
last_month,2026-07-07,346575,桜星雨夜,squallxxx,20,179,2026-07-01T00:00:00+09:00,2026-07-31T23:59:59.999999+09:00,2026-08-05T06:51:05.856376+09:00
last_month,2026-07-07,13430194,あきまむ,fond_shark9221,10,170,2026-07-01T00:00:00+09:00,2026-07-31T23:59:59.999999+09:00,2026-08-05T06:51:05.856376+09:00
last_month,2026-07-07,11583083,夏目羊,hitsuji_natsume,0,25,2026-07-01T00:00:00+09:00,2026-07-31T23:59:59.999999+09:00,2026-08-05T06:51:05.856376+09:00
last_month,2026-07-08,12158291,考える赤柴｜司法書士試験結果待ち中,eager_thyme9842,10,243,2026-07-01T00:00:00+09:00,2026-07-31T23:59:59.999999+09:00,2026-08-05T06:51:05.856376+09:00
last_month,2026-07-08,564742,ta_kawano,takawano,135,361,2026-07-01T00:00:00+09:00,2026-07-31T23:59:59.999999+09:00,2026-08-05T06:51:05.856376+09:00
last_month,2026-07-08,346575,桜星雨夜,squallxxx,30,209,2026-07-01T00:00:00+09:00,2026-07-31T23:59:59.999999+09:00,2026-08-05T06:51:05.856376+09:00
last_month,2026-07-08,13430194,あきまむ,fond_shark9221,28,198,2026-07-01T00:00:00+09:00,2026-07-31T23:59:59.999999+09:00,2026-08-05T06:51:05.856376+09:00
last_month,2026-07-08,11583083,夏目羊,hitsuji_natsume,19,44,2026-07-01T00:00:00+09:00,2026-07-31T23:59:59.999999+09:00,2026-08-05T06:51:05.856376+09:00
last_month,2026-07-09,12158291,考える赤柴｜司法書士試験結果待ち中,eager_thyme9842,40,283,2026-07-01T00:00:00+09:00,2026-07-31T23:59:59.999999+09:00,2026-08-05T06:51:05.856376+09:00
last_month,2026-07-09,564742,ta_kawano,takawano,5,366,2026-07-01T00:00:00+09:00,2026-07-31T23:59:59.999999+09:00,2026-08-05T06:51:05.856376+09:00
last_month,2026-07-09,346575,桜星雨夜,squallxxx,0,209,2026-07-01T00:00:00+09:00,2026-07-31T23:59:59.999999+09:00,2026-08-05T06:51:05.856376+09:00
last_month,2026-07-09,13430194,あきまむ,fond_shark9221,0,198,2026-07-01T00:00:00+09:00,2026-07-31T23:59:59.999999+09:00,2026-08-05T06:51:05.856376+09:00
last_month,2026-07-09,11583083,夏目羊,hitsuji_natsume,30,74,2026-07-01T00:00:00+09:00,2026-07-31T23:59:59.999999+09:00,2026-08-05T06:51:05.856376+09:00
last_month,2026-07-10,12158291,考える赤柴｜司法書士試験結果待ち中,eager_thyme9842,48,331,2026-07-01T00:00:00+09:00,2026-07-31T23:59:59.999999+09:00,2026-08-05T06:51:05.856376+09:00
last_month,2026-07-10,564742,ta_kawano,takawano,8,374,2026-07-01T00:00:00+09:00,2026-07-31T23:59:59.999999+09:00,2026-08-05T06:51:05.856376+09:00
last_month,2026-07-10,346575,桜星雨夜,squallxxx,18,227,2026-07-01T00:00:00+09:00,2026-07-31T23:59:59.999999+09:00,2026-08-05T06:51:05.856376+09:00
last_month,2026-07-10,13430194,あきまむ,fond_shark9221,8,206,2026-07-01T00:00:00+09:00,2026-07-31T23:59:59.999999+09:00,2026-08-05T06:51:05.856376+09:00
last_month,2026-07-10,11583083,夏目羊,hitsuji_natsume,20,94,2026-07-01T00:00:00+09:00,2026-07-31T23:59:59.999999+09:00,2026-08-05T06:51:05.856376+09:00
last_month,2026-07-11,12158291,考える赤柴｜司法書士試験結果待ち中,eager_thyme9842,30,361,2026-07-01T00:00:00+09:00,2026-07-31T23:59:59.999999+09:00,2026-08-05T06:51:05.856376+09:00
last_month,2026-07-11,564742,ta_kawano,takawano,5,379,2026-07-01T00:00:00+09:00,2026-07-31T23:59:59.999999+09:00,2026-08-05T06:51:05.856376+09:00
last_month,2026-07-11,346575,桜星雨夜,squallxxx,30,257,2026-07-01T00:00:00+09:00,2026-07-31T23:59:59.999999+09:00,2026-08-05T06:51:05.856376+09:00
last_month,2026-07-11,13430194,あきまむ,fond_shark9221,0,206,2026-07-01T00:00:00+09:00,2026-07-31T23:59:59.999999+09:00,2026-08-05T06:51:05.856376+09:00
last_month,2026-07-11,11583083,夏目羊,hitsuji_natsume,10,104,2026-07-01T00:00:00+09:00,2026-07-31T23:59:59.999999+09:00,2026-08-05T06:51:05.856376+09:00
last_month,2026-07-12,12158291,考える赤柴｜司法書士試験結果待ち中,eager_thyme9842,8,369,2026-07-01T00:00:00+09:00,2026-07-31T23:59:59.999999+09:00,2026-08-05T06:51:05.856376+09:00
last_month,2026-07-12,564742,ta_kawano,takawano,115,494,2026-07-01T00:00:00+09:00,2026-07-31T23:59:59.999999+09:00,2026-08-05T06:51:05.856376+09:00
last_month,2026-07-12,346575,桜星雨夜,squallxxx,16,273,2026-07-01T00:00:00+09:00,2026-07-31T23:59:59.999999+09:00,2026-08-05T06:51:05.856376+09:00
last_month,2026-07-12,13430194,あきまむ,fond_shark9221,66,272,2026-07-01T00:00:00+09:00,2026-07-31T23:59:59.999999+09:00,2026-08-05T06:51:05.856376+09:00
last_month,2026-07-12,11583083,夏目羊,hitsuji_natsume,0,104,2026-07-01T00:00:00+09:00,2026-07-31T23:59:59.999999+09:00,2026-08-05T06:51:05.856376+09:00
last_month,2026-07-13,12158291,考える赤柴｜司法書士試験結果待ち中,eager_thyme9842,25,394,2026-07-01T00:00:00+09:00,2026-07-31T23:59:59.999999+09:00,2026-08-05T06:51:05.856376+09:00
last_month,2026-07-13,564742,ta_kawano,takawano,10,504,2026-07-01T00:00:00+09:00,2026-07-31T23:59:59.999999+09:00,2026-08-05T06:51:05.856376+09:00
last_month,2026-07-13,346575,桜星雨夜,squallxxx,20,293,2026-07-01T00:00:00+09:00,2026-07-31T23:59:59.999999+09:00,2026-08-05T06:51:05.856376+09:00
last_month,2026-07-13,13430194,あきまむ,fond_shark9221,5,277,2026-07-01T00:00:00+09:00,2026-07-31T23:59:59.999999+09:00,2026-08-05T06:51:05.856376+09:00
last_month,2026-07-13,11583083,夏目羊,hitsuji_natsume,15,119,2026-07-01T00:00:00+09:00,2026-07-31T23:59:59.999999+09:00,2026-08-05T06:51:05.856376+09:00
last_month,2026-07-14,12158291,考える赤柴｜司法書士試験結果待ち中,eager_thyme9842,8,402,2026-07-01T00:00:00+09:00,2026-07-31T23:59:59.999999+09:00,2026-08-05T06:51:05.856376+09:00
last_month,2026-07-14,564742,ta_kawano,takawano,8,512,2026-07-01T00:00:00+09:00,2026-07-31T23:59:59.999999+09:00,2026-08-05T06:51:05.856376+09:00
last_month,2026-07-14,346575,桜星雨夜,squallxxx,0,293,2026-07-01T00:00:00+09:00,2026-07-31T23:59:59.999999+09:00,2026-08-05T06:51:05.856376+09:00
last_month,2026-07-14,13430194,あきまむ,fond_shark9221,8,285,2026-07-01T00:00:00+09:00,2026-07-31T23:59:59.999999+09:00,2026-08-05T06:51:05.856376+09:00
last_month,2026-07-14,11583083,夏目羊,hitsuji_natsume,0,119,2026-07-01T00:00:00+09:00,2026-07-31T23:59:59.999999+09:00,2026-08-05T06:51:05.856376+09:00
last_month,2026-07-15,12158291,考える赤柴｜司法書士試験結果待ち中,eager_thyme9842,8,410,2026-07-01T00:00:00+09:00,2026-07-31T23:59:59.999999+09:00,2026-08-05T06:51:05.856376+09:00
last_month,2026-07-15,564742,ta_kawano,takawano,10,522,2026-07-01T00:00:00+09:00,2026-07-31T23:59:59.999999+09:00,2026-08-05T06:51:05.856376+09:00
last_month,2026-07-15,346575,桜星雨夜,squallxxx,0,293,2026-07-01T00:00:00+09:00,2026-07-31T23:59:59.999999+09:00,2026-08-05T06:51:05.856376+09:00
last_month,2026-07-15,13430194,あきまむ,fond_shark9221,0,285,2026-07-01T00:00:00+09:00,2026-07-31T23:59:59.999999+09:00,2026-08-05T06:51:05.856376+09:00
last_month,2026-07-15,11583083,夏目羊,hitsuji_natsume,8,127,2026-07-01T00:00:00+09:00,2026-07-31T23:59:59.999999+09:00,2026-08-05T06:51:05.856376+09:00
last_month,2026-07-16,12158291,考える赤柴｜司法書士試験結果待ち中,eager_thyme9842,78,488,2026-07-01T00:00:00+09:00,2026-07-31T23:59:59.999999+09:00,2026-08-05T06:51:05.856376+09:00
last_month,2026-07-16,564742,ta_kawano,takawano,5,527,2026-07-01T00:00:00+09:00,2026-07-31T23:59:59.999999+09:00,2026-08-05T06:51:05.856376+09:00
last_month,2026-07-16,346575,桜星雨夜,squallxxx,0,293,2026-07-01T00:00:00+09:00,2026-07-31T23:59:59.999999+09:00,2026-08-05T06:51:05.856376+09:00
last_month,2026-07-16,13430194,あきまむ,fond_shark9221,7,292,2026-07-01T00:00:00+09:00,2026-07-31T23:59:59.999999+09:00,2026-08-05T06:51:05.856376+09:00
last_month,2026-07-16,11583083,夏目羊,hitsuji_natsume,10,137,2026-07-01T00:00:00+09:00,2026-07-31T23:59:59.999999+09:00,2026-08-05T06:51:05.856376+09:00
last_month,2026-07-17,12158291,考える赤柴｜司法書士試験結果待ち中,eager_thyme9842,38,526,2026-07-01T00:00:00+09:00,2026-07-31T23:59:59.999999+09:00,2026-08-05T06:51:05.856376+09:00
last_month,2026-07-17,564742,ta_kawano,takawano,8,535,2026-07-01T00:00:00+09:00,2026-07-31T23:59:59.999999+09:00,2026-08-05T06:51:05.856376+09:00
last_month,2026-07-17,346575,桜星雨夜,squallxxx,10,303,2026-07-01T00:00:00+09:00,2026-07-31T23:59:59.999999+09:00,2026-08-05T06:51:05.856376+09:00
last_month,2026-07-17,13430194,あきまむ,fond_shark9221,0,292,2026-07-01T00:00:00+09:00,2026-07-31T23:59:59.999999+09:00,2026-08-05T06:51:05.856376+09:00
last_month,2026-07-17,11583083,夏目羊,hitsuji_natsume,0,137,2026-07-01T00:00:00+09:00,2026-07-31T23:59:59.999999+09:00,2026-08-05T06:51:05.856376+09:00
last_month,2026-07-18,12158291,考える赤柴｜司法書士試験結果待ち中,eager_thyme9842,46,572,2026-07-01T00:00:00+09:00,2026-07-31T23:59:59.999999+09:00,2026-08-05T06:51:05.856376+09:00
last_month,2026-07-18,564742,ta_kawano,takawano,13,548,2026-07-01T00:00:00+09:00,2026-07-31T23:59:59.999999+09:00,2026-08-05T06:51:05.856376+09:00
last_month,2026-07-18,346575,桜星雨夜,squallxxx,28,331,2026-07-01T00:00:00+09:00,2026-07-31T23:59:59.999999+09:00,2026-08-05T06:51:05.856376+09:00
last_month,2026-07-18,13430194,あきまむ,fond_shark9221,8,300,2026-07-01T00:00:00+09:00,2026-07-31T23:59:59.999999+09:00,2026-08-05T06:51:05.856376+09:00
last_month,2026-07-18,11583083,夏目羊,hitsuji_natsume,0,137,2026-07-01T00:00:00+09:00,2026-07-31T23:59:59.999999+09:00,2026-08-05T06:51:05.856376+09:00
last_month,2026-07-19,12158291,考える赤柴｜司法書士試験結果待ち中,eager_thyme9842,40,612,2026-07-01T00:00:00+09:00,2026-07-31T23:59:59.999999+09:00,2026-08-05T06:51:05.856376+09:00
last_month,2026-07-19,564742,ta_kawano,takawano,5,553,2026-07-01T00:00:00+09:00,2026-07-31T23:59:59.999999+09:00,2026-08-05T06:51:05.856376+09:00
last_month,2026-07-19,346575,桜星雨夜,squallxxx,15,346,2026-07-01T00:00:00+09:00,2026-07-31T23:59:59.999999+09:00,2026-08-05T06:51:05.856376+09:00
last_month,2026-07-19,13430194,あきまむ,fond_shark9221,0,300,2026-07-01T00:00:00+09:00,2026-07-31T23:59:59.999999+09:00,2026-08-05T06:51:05.856376+09:00
last_month,2026-07-19,11583083,夏目羊,hitsuji_natsume,13,150,2026-07-01T00:00:00+09:00,2026-07-31T23:59:59.999999+09:00,2026-08-05T06:51:05.856376+09:00
last_month,2026-07-20,12158291,考える赤柴｜司法書士試験結果待ち中,eager_thyme9842,18,630,2026-07-01T00:00:00+09:00,2026-07-31T23:59:59.999999+09:00,2026-08-05T06:51:05.856376+09:00
last_month,2026-07-20,564742,ta_kawano,takawano,5,558,2026-07-01T00:00:00+09:00,2026-07-31T23:59:59.999999+09:00,2026-08-05T06:51:05.856376+09:00
last_month,2026-07-20,346575,桜星雨夜,squallxxx,8,354,2026-07-01T00:00:00+09:00,2026-07-31T23:59:59.999999+09:00,2026-08-05T06:51:05.856376+09:00
last_month,2026-07-20,13430194,あきまむ,fond_shark9221,0,300,2026-07-01T00:00:00+09:00,2026-07-31T23:59:59.999999+09:00,2026-08-05T06:51:05.856376+09:00
last_month,2026-07-20,11583083,夏目羊,hitsuji_natsume,45,195,2026-07-01T00:00:00+09:00,2026-07-31T23:59:59.999999+09:00,2026-08-05T06:51:05.856376+09:00
last_month,2026-07-21,12158291,考える赤柴｜司法書士試験結果待ち中,eager_thyme9842,38,668,2026-07-01T00:00:00+09:00,2026-07-31T23:59:59.999999+09:00,2026-08-05T06:51:05.856376+09:00
last_month,2026-07-21,564742,ta_kawano,takawano,5,563,2026-07-01T00:00:00+09:00,2026-07-31T23:59:59.999999+09:00,2026-08-05T06:51:05.856376+09:00
last_month,2026-07-21,346575,桜星雨夜,squallxxx,20,374,2026-07-01T00:00:00+09:00,2026-07-31T23:59:59.999999+09:00,2026-08-05T06:51:05.856376+09:00
last_month,2026-07-21,13430194,あきまむ,fond_shark9221,45,345,2026-07-01T00:00:00+09:00,2026-07-31T23:59:59.999999+09:00,2026-08-05T06:51:05.856376+09:00
last_month,2026-07-21,11583083,夏目羊,hitsuji_natsume,70,265,2026-07-01T00:00:00+09:00,2026-07-31T23:59:59.999999+09:00,2026-08-05T06:51:05.856376+09:00
last_month,2026-07-22,12158291,考える赤柴｜司法書士試験結果待ち中,eager_thyme9842,38,706,2026-07-01T00:00:00+09:00,2026-07-31T23:59:59.999999+09:00,2026-08-05T06:51:05.856376+09:00
last_month,2026-07-22,564742,ta_kawano,takawano,5,568,2026-07-01T00:00:00+09:00,2026-07-31T23:59:59.999999+09:00,2026-08-05T06:51:05.856376+09:00
last_month,2026-07-22,346575,桜星雨夜,squallxxx,18,392,2026-07-01T00:00:00+09:00,2026-07-31T23:59:59.999999+09:00,2026-08-05T06:51:05.856376+09:00
last_month,2026-07-22,13430194,あきまむ,fond_shark9221,8,353,2026-07-01T00:00:00+09:00,2026-07-31T23:59:59.999999+09:00,2026-08-05T06:51:05.856376+09:00
last_month,2026-07-22,11583083,夏目羊,hitsuji_natsume,10,275,2026-07-01T00:00:00+09:00,2026-07-31T23:59:59.999999+09:00,2026-08-05T06:51:05.856376+09:00
last_month,2026-07-23,12158291,考える赤柴｜司法書士試験結果待ち中,eager_thyme9842,0,706,2026-07-01T00:00:00+09:00,2026-07-31T23:59:59.999999+09:00,2026-08-05T06:51:05.856376+09:00
last_month,2026-07-23,564742,ta_kawano,takawano,8,576,2026-07-01T00:00:00+09:00,2026-07-31T23:59:59.999999+09:00,2026-08-05T06:51:05.856376+09:00
last_month,2026-07-23,346575,桜星雨夜,squallxxx,10,402,2026-07-01T00:00:00+09:00,2026-07-31T23:59:59.999999+09:00,2026-08-05T06:51:05.856376+09:00
last_month,2026-07-23,13430194,あきまむ,fond_shark9221,0,353,2026-07-01T00:00:00+09:00,2026-07-31T23:59:59.999999+09:00,2026-08-05T06:51:05.856376+09:00
last_month,2026-07-23,11583083,夏目羊,hitsuji_natsume,13,288,2026-07-01T00:00:00+09:00,2026-07-31T23:59:59.999999+09:00,2026-08-05T06:51:05.856376+09:00
last_month,2026-07-24,12158291,考える赤柴｜司法書士試験結果待ち中,eager_thyme9842,88,794,2026-07-01T00:00:00+09:00,2026-07-31T23:59:59.999999+09:00,2026-08-05T06:51:05.856376+09:00
last_month,2026-07-24,564742,ta_kawano,takawano,15,591,2026-07-01T00:00:00+09:00,2026-07-31T23:59:59.999999+09:00,2026-08-05T06:51:05.856376+09:00
last_month,2026-07-24,346575,桜星雨夜,squallxxx,16,418,2026-07-01T00:00:00+09:00,2026-07-31T23:59:59.999999+09:00,2026-08-05T06:51:05.856376+09:00
last_month,2026-07-24,13430194,あきまむ,fond_shark9221,15,368,2026-07-01T00:00:00+09:00,2026-07-31T23:59:59.999999+09:00,2026-08-05T06:51:05.856376+09:00
last_month,2026-07-24,11583083,夏目羊,hitsuji_natsume,8,296,2026-07-01T00:00:00+09:00,2026-07-31T23:59:59.999999+09:00,2026-08-05T06:51:05.856376+09:00
last_month,2026-07-25,12158291,考える赤柴｜司法書士試験結果待ち中,eager_thyme9842,35,829,2026-07-01T00:00:00+09:00,2026-07-31T23:59:59.999999+09:00,2026-08-05T06:51:05.856376+09:00
last_month,2026-07-25,564742,ta_kawano,takawano,15,606,2026-07-01T00:00:00+09:00,2026-07-31T23:59:59.999999+09:00,2026-08-05T06:51:05.856376+09:00
last_month,2026-07-25,346575,桜星雨夜,squallxxx,0,418,2026-07-01T00:00:00+09:00,2026-07-31T23:59:59.999999+09:00,2026-08-05T06:51:05.856376+09:00
last_month,2026-07-25,13430194,あきまむ,fond_shark9221,15,383,2026-07-01T00:00:00+09:00,2026-07-31T23:59:59.999999+09:00,2026-08-05T06:51:05.856376+09:00
last_month,2026-07-25,11583083,夏目羊,hitsuji_natsume,20,316,2026-07-01T00:00:00+09:00,2026-07-31T23:59:59.999999+09:00,2026-08-05T06:51:05.856376+09:00
last_month,2026-07-26,12158291,考える赤柴｜司法書士試験結果待ち中,eager_thyme9842,43,872,2026-07-01T00:00:00+09:00,2026-07-31T23:59:59.999999+09:00,2026-08-05T06:51:05.856376+09:00
last_month,2026-07-26,564742,ta_kawano,takawano,5,611,2026-07-01T00:00:00+09:00,2026-07-31T23:59:59.999999+09:00,2026-08-05T06:51:05.856376+09:00
last_month,2026-07-26,346575,桜星雨夜,squallxxx,10,428,2026-07-01T00:00:00+09:00,2026-07-31T23:59:59.999999+09:00,2026-08-05T06:51:05.856376+09:00
last_month,2026-07-26,13430194,あきまむ,fond_shark9221,5,388,2026-07-01T00:00:00+09:00,2026-07-31T23:59:59.999999+09:00,2026-08-05T06:51:05.856376+09:00
last_month,2026-07-26,11583083,夏目羊,hitsuji_natsume,5,321,2026-07-01T00:00:00+09:00,2026-07-31T23:59:59.999999+09:00,2026-08-05T06:51:05.856376+09:00
last_month,2026-07-27,12158291,考える赤柴｜司法書士試験結果待ち中,eager_thyme9842,58,930,2026-07-01T00:00:00+09:00,2026-07-31T23:59:59.999999+09:00,2026-08-05T06:51:05.856376+09:00
last_month,2026-07-27,564742,ta_kawano,takawano,15,626,2026-07-01T00:00:00+09:00,2026-07-31T23:59:59.999999+09:00,2026-08-05T06:51:05.856376+09:00
last_month,2026-07-27,346575,桜星雨夜,squallxxx,8,436,2026-07-01T00:00:00+09:00,2026-07-31T23:59:59.999999+09:00,2026-08-05T06:51:05.856376+09:00
last_month,2026-07-27,13430194,あきまむ,fond_shark9221,10,398,2026-07-01T00:00:00+09:00,2026-07-31T23:59:59.999999+09:00,2026-08-05T06:51:05.856376+09:00
last_month,2026-07-27,11583083,夏目羊,hitsuji_natsume,0,321,2026-07-01T00:00:00+09:00,2026-07-31T23:59:59.999999+09:00,2026-08-05T06:51:05.856376+09:00
last_month,2026-07-28,12158291,考える赤柴｜司法書士試験結果待ち中,eager_thyme9842,73,1003,2026-07-01T00:00:00+09:00,2026-07-31T23:59:59.999999+09:00,2026-08-05T06:51:05.856376+09:00
last_month,2026-07-28,564742,ta_kawano,takawano,8,634,2026-07-01T00:00:00+09:00,2026-07-31T23:59:59.999999+09:00,2026-08-05T06:51:05.856376+09:00
last_month,2026-07-28,346575,桜星雨夜,squallxxx,10,446,2026-07-01T00:00:00+09:00,2026-07-31T23:59:59.999999+09:00,2026-08-05T06:51:05.856376+09:00
last_month,2026-07-28,13430194,あきまむ,fond_shark9221,0,398,2026-07-01T00:00:00+09:00,2026-07-31T23:59:59.999999+09:00,2026-08-05T06:51:05.856376+09:00
last_month,2026-07-28,11583083,夏目羊,hitsuji_natsume,20,341,2026-07-01T00:00:00+09:00,2026-07-31T23:59:59.999999+09:00,2026-08-05T06:51:05.856376+09:00
last_month,2026-07-29,12158291,考える赤柴｜司法書士試験結果待ち中,eager_thyme9842,8,1011,2026-07-01T00:00:00+09:00,2026-07-31T23:59:59.999999+09:00,2026-08-05T06:51:05.856376+09:00
last_month,2026-07-29,564742,ta_kawano,takawano,8,642,2026-07-01T00:00:00+09:00,2026-07-31T23:59:59.999999+09:00,2026-08-05T06:51:05.856376+09:00
last_month,2026-07-29,346575,桜星雨夜,squallxxx,18,464,2026-07-01T00:00:00+09:00,2026-07-31T23:59:59.999999+09:00,2026-08-05T06:51:05.856376+09:00
last_month,2026-07-29,13430194,あきまむ,fond_shark9221,22,420,2026-07-01T00:00:00+09:00,2026-07-31T23:59:59.999999+09:00,2026-08-05T06:51:05.856376+09:00
last_month,2026-07-29,11583083,夏目羊,hitsuji_natsume,0,341,2026-07-01T00:00:00+09:00,2026-07-31T23:59:59.999999+09:00,2026-08-05T06:51:05.856376+09:00
last_month,2026-07-30,12158291,考える赤柴｜司法書士試験結果待ち中,eager_thyme9842,18,1029,2026-07-01T00:00:00+09:00,2026-07-31T23:59:59.999999+09:00,2026-08-05T06:51:05.856376+09:00
last_month,2026-07-30,564742,ta_kawano,takawano,15,657,2026-07-01T00:00:00+09:00,2026-07-31T23:59:59.999999+09:00,2026-08-05T06:51:05.856376+09:00
last_month,2026-07-30,346575,桜星雨夜,squallxxx,10,474,2026-07-01T00:00:00+09:00,2026-07-31T23:59:59.999999+09:00,2026-08-05T06:51:05.856376+09:00
last_month,2026-07-30,13430194,あきまむ,fond_shark9221,5,425,2026-07-01T00:00:00+09:00,2026-07-31T23:59:59.999999+09:00,2026-08-05T06:51:05.856376+09:00
last_month,2026-07-30,11583083,夏目羊,hitsuji_natsume,0,341,2026-07-01T00:00:00+09:00,2026-07-31T23:59:59.999999+09:00,2026-08-05T06:51:05.856376+09:00
last_month,2026-07-31,12158291,考える赤柴｜司法書士試験結果待ち中,eager_thyme9842,13,1042,2026-07-01T00:00:00+09:00,2026-07-31T23:59:59.999999+09:00,2026-08-05T06:51:05.856376+09:00
last_month,2026-07-31,564742,ta_kawano,takawano,5,662,2026-07-01T00:00:00+09:00,2026-07-31T23:59:59.999999+09:00,2026-08-05T06:51:05.856376+09:00
last_month,2026-07-31,346575,桜星雨夜,squallxxx,10,484,2026-07-01T00:00:00+09:00,2026-07-31T23:59:59.999999+09:00,2026-08-05T06:51:05.856376+09:00
last_month,2026-07-31,13430194,あきまむ,fond_shark9221,13,438,2026-07-01T00:00:00+09:00,2026-07-31T23:59:59.999999+09:00,2026-08-05T06:51:05.856376+09:00
last_month,2026-07-31,11583083,夏目羊,hitsuji_natsume,14,355,2026-07-01T00:00:00+09:00,2026-07-31T23:59:59.999999+09:00,2026-08-05T06:51:05.856376+09:00
