日付,時刻,フォロワー数
2026/02/04,8:25:47,785
2026/02/04,9:52:15,784
2026/02/04,12:22:48,783
2026/02/04,13:39:19,784
2026/02/04,18:10:35,786
2026/02/04,20:36:32,787
2026/02/05,5:32:40,789
2026/02/05,8:04:51,790
2026/02/05,8:42:12,791
2026/02/05,18:15:08,795
2026/02/05,20:26:05,796
2026/02/05,21:28:19,797
2026/02/05,22:15:52,798
2026/02/06,8:35:28,800
2026/02/06,12:49:10,802
2026/02/06,15:27:06,803
2026/02/06,17:39:20,802
2026/02/07,7:11:19,801
2026/02/07,7:56:48,803
2026/02/07,11:03:22,811
2026/02/07,13:49:14,814
2026/02/07,15:13:33,817
2026/02/07,17:55:38,820
2026/02/07,21:18:52,821
2026/02/08,6:58:21,822
2026/02/08,8:57:44,824
2026/02/08,10:43:23,825
2026/02/08,16:35:06,827
2026/02/08,16:50:43,828
2026/02/08,19:01:11,829
2026/02/08,19:42:51,830
2026/02/08,20:50:13,831
2026/02/09,6:12:47,833
2026/02/09,15:17:50,835
2026/02/09,20:54:26,838
2026/02/09,23:05:51,839
2026/02/10,7:43:13,838
2026/02/10,12:04:21,837
2026/02/10,18:39:47,839
2026/02/11,7:22:28,846
2026/02/11,15:58:08,851
2026/02/12,5:17:31,853
2026/02/12,10:10:39,854
2026/02/12,21:41:51,855
2026/02/13,8:58:49,856
2026/02/13,17:40:30,859
2026/02/13,20:09:06,861
2026/02/14,6:29:34,862
2026/02/14,7:34:35,861
2026/02/14,14:58:15,862
2026/02/14,19:14:11,864
2026/02/15,7:22:19,865
2026/02/15,8:53:13,864
2026/02/15,12:19:11,867
2026/02/15,16:21:50,869
2026/02/15,18:16:35,870
2026/02/16,6:23:10,868
2026/02/16,7:39:28,870
2026/02/16,9:06:33,871
2026/02/16,13:48:07,876
2026/02/16,15:52:39,877
2026/02/16,20:33:51,878
2026/02/16,20:46:12,879
2026/02/17,7:20:30,880
2026/02/17,9:11:08,882
2026/02/17,13:07:56,884
2026/02/17,17:07:20,886
2026/02/17,19:07:38,885
2026/02/17,20:55:54,886
2026/02/18,3:04:56,888
2026/02/18,7:26:08,889
2026/02/18,11:00:44,888
2026/02/18,16:39:18,887
2026/02/18,21:10:39,889
2026/02/19,7:46:51,888
2026/02/19,19:12:09,893
2026/02/20,7:30:05,900
2026/02/20,7:39:26,901
2026/02/20,14:36:26,906
2026/02/20,20:35:15,909
2026/02/21,6:19:59,910
2026/02/21,11:14:21,911
2026/02/21,16:43:37,908
2026/02/21,22:07:18,907
2026/02/22,10:33:14,908
2026/02/22,18:33:56,909
2026/02/23,9:55:23,908
2026/02/23,15:12:20,909
2026/02/23,17:56:21,910
2026/02/23,18:01:55,911
2026/02/24,7:50:22,914
2026/02/24,12:43:08,913
2026/02/24,15:52:51,914
2026/02/24,20:39:08,913
2026/02/25,7:30:56,914
2026/02/25,14:51:29,918
2026/02/25,22:44:51,920
2026/02/26,6:16:34,921
2026/02/26,9:43:56,922
2026/02/26,19:17:10,925
2026/02/26,19:39:20,927
2026/02/27,12:27:48,926
2026/02/27,16:35:22,927
2026/02/27,20:14:34,928

2026/02/28,01:30:28,930
2026/02/28,05:20:19,931
2026/02/28,13:48:45,933
2026/02/28,21:24:19,931
2026/03/02,10:06:39,932
2026/03/02,17:33:51,934
2026/03/03,01:32:53,933
2026/03/03,17:30:47,934
2026/03/04,01:36:25,936
2026/03/04,10:05:24,935
2026/03/04,14:06:20,936
2026/03/05,01:32:39,935
2026/03/05,05:24:46,934
2026/03/05,10:07:14,935
2026/03/05,14:10:49,934
2026/03/05,21:36:31,935
2026/03/06,02:55:05,934
2026/03/06,21:32:08,938
2026/03/07,01:29:42,939
2026/03/07,10:02:54,938
2026/03/07,17:19:51,939
2026/03/08,10:07:45,938
2026/03/08,21:26:04,941
2026/03/09,01:18:01,939
2026/03/09,05:16:31,940
2026/03/09,10:07:58,945
2026/03/09,13:42:16,947
2026/03/09,14:18:24,946
2026/03/09,17:34:28,948
2026/03/09,21:36:53,950
2026/03/10,09:59:12,953
2026/03/10,13:59:40,955
2026/03/11,10:03:38,957
2026/03/11,17:30:40,959
