rank,ranking_type,like_user_id,creator_name,creator_urlname,creator_url,has_profile_url,likes_count,first_like_at,last_like_at,follower_count,generated_at,period_start,period_end
1,monthly,15290558,pito,hirocho_1125,https://note.com/hirocho_1125,True,3,2026-10-01T08:37:18+09:00,2026-10-01T08:38:11+09:00,97,2026-10-01T09:07:21.367856+09:00,2026-10-01T00:00:00+09:00,2026-10-01T08:59:24+09:00
2,monthly,14824580,たける　【日本正義・いのち党】,sane_coot4394,https://note.com/sane_coot4394,True,3,2026-10-01T08:05:36+09:00,2026-10-01T08:06:27+09:00,353,2026-10-01T09:07:21.367856+09:00,2026-10-01T00:00:00+09:00,2026-10-01T08:59:24+09:00
3,monthly,13621165,ごんた,glad_hosta9940,https://note.com/glad_hosta9940,True,3,2026-10-01T07:48:54+09:00,2026-10-01T07:49:02+09:00,118,2026-10-01T09:07:21.367856+09:00,2026-10-01T00:00:00+09:00,2026-10-01T08:59:24+09:00
4,monthly,13718195,きいるか,yellowdolphin,https://note.com/yellowdolphin,True,2,2026-10-01T08:12:08+09:00,2026-10-01T08:13:13+09:00,43,2026-10-01T09:07:21.367856+09:00,2026-10-01T00:00:00+09:00,2026-10-01T08:59:24+09:00
5,monthly,14903985,まっちゃ💚AI活用とnote副業ラボ,matcha_aispirit,https://note.com/matcha_aispirit,True,2,2026-10-01T07:19:14+09:00,2026-10-01T07:19:17+09:00,809,2026-10-01T09:07:21.367856+09:00,2026-10-01T00:00:00+09:00,2026-10-01T08:59:24+09:00
6,monthly,4877017,須川元介/情報翻訳家,skagenavi,https://note.com/skagenavi,True,2,2026-10-01T06:38:31+09:00,2026-10-01T06:41:28+09:00,2722,2026-10-01T09:07:21.367856+09:00,2026-10-01T00:00:00+09:00,2026-10-01T08:59:24+09:00
7,monthly,14239507,ミュリン♪(*´ω`*)✨,star246,https://note.com/star246,True,2,2026-10-01T06:27:27+09:00,2026-10-01T06:34:29+09:00,1171,2026-10-01T09:07:21.367856+09:00,2026-10-01T00:00:00+09:00,2026-10-01T08:59:24+09:00
8,monthly,13259374,Joe Tsukasa,joe2x100,https://note.com/joe2x100,True,1,2026-10-01T08:33:33+09:00,2026-10-01T08:33:33+09:00,1049,2026-10-01T09:07:21.367856+09:00,2026-10-01T00:00:00+09:00,2026-10-01T08:59:24+09:00
9,monthly,12983172,masaya｜テンカラフル,10colorful,https://note.com/10colorful,True,1,2026-10-01T08:18:46+09:00,2026-10-01T08:18:46+09:00,2259,2026-10-01T09:07:21.367856+09:00,2026-10-01T00:00:00+09:00,2026-10-01T08:59:24+09:00
10,monthly,11837112,もぐら,mogurabooks,https://note.com/mogurabooks,True,1,2026-10-01T08:05:29+09:00,2026-10-01T08:05:29+09:00,376,2026-10-01T09:07:21.367856+09:00,2026-10-01T00:00:00+09:00,2026-10-01T08:59:24+09:00
11,monthly,10511593,しれネコ🐾｜迷子の気持ち、 ちょっと軽く,large_hosta3387,https://note.com/large_hosta3387,True,1,2026-10-01T08:05:27+09:00,2026-10-01T08:05:27+09:00,1113,2026-10-01T09:07:21.367856+09:00,2026-10-01T00:00:00+09:00,2026-10-01T08:59:24+09:00
12,monthly,15729594,羊毛の魔女パレット🐏,novel_woolpallet,https://note.com/novel_woolpallet,True,1,2026-10-01T08:04:54+09:00,2026-10-01T08:04:54+09:00,25,2026-10-01T09:07:21.367856+09:00,2026-10-01T00:00:00+09:00,2026-10-01T08:59:24+09:00
13,monthly,11178899,KEN 田舎で介護,fit_lion6308,https://note.com/fit_lion6308,True,1,2026-10-01T08:01:46+09:00,2026-10-01T08:01:46+09:00,612,2026-10-01T09:07:21.367856+09:00,2026-10-01T00:00:00+09:00,2026-10-01T08:59:24+09:00
14,monthly,12966384,FANTASY-AI JP,mute_hyena5293,https://note.com/mute_hyena5293,True,1,2026-10-01T07:59:56+09:00,2026-10-01T07:59:56+09:00,238,2026-10-01T09:07:21.367856+09:00,2026-10-01T00:00:00+09:00,2026-10-01T08:59:24+09:00
15,monthly,13430194,あきまむ｜AIとnoteを楽しむ,fond_shark9221,https://note.com/fond_shark9221,True,1,2026-10-01T07:49:43+09:00,2026-10-01T07:49:43+09:00,337,2026-10-01T09:07:21.367856+09:00,2026-10-01T00:00:00+09:00,2026-10-01T08:59:24+09:00
16,monthly,13305460,とりかじ｜研究職パパの家庭DX研究室,like_cosmos1242,https://note.com/like_cosmos1242,True,1,2026-10-01T07:48:03+09:00,2026-10-01T07:48:03+09:00,157,2026-10-01T09:07:21.367856+09:00,2026-10-01T00:00:00+09:00,2026-10-01T08:59:24+09:00
17,monthly,12232616,デジさしみ | IT現場の効率家,digital_sashimi,https://note.com/digital_sashimi,True,1,2026-10-01T07:39:52+09:00,2026-10-01T07:39:52+09:00,1145,2026-10-01T09:07:21.367856+09:00,2026-10-01T00:00:00+09:00,2026-10-01T08:59:24+09:00
18,monthly,14494109,藤,nanamay11023,https://note.com/nanamay11023,True,1,2026-10-01T07:37:51+09:00,2026-10-01T07:37:51+09:00,210,2026-10-01T09:07:21.367856+09:00,2026-10-01T00:00:00+09:00,2026-10-01T08:59:24+09:00
19,monthly,15214463,Hanchan,hot_elk6916,https://note.com/hot_elk6916,True,1,2026-10-01T07:27:03+09:00,2026-10-01T07:27:03+09:00,83,2026-10-01T09:07:21.367856+09:00,2026-10-01T00:00:00+09:00,2026-10-01T08:59:24+09:00
20,monthly,14555620,54Plants,hiromavich,https://note.com/hiromavich,True,1,2026-10-01T07:25:52+09:00,2026-10-01T07:25:52+09:00,281,2026-10-01T09:07:21.367856+09:00,2026-10-01T00:00:00+09:00,2026-10-01T08:59:24+09:00
21,monthly,10461763,あおい＠30代後半のサイドFIRE実験記録,lifeworkfree,https://note.com/lifeworkfree,True,1,2026-10-01T07:22:10+09:00,2026-10-01T07:22:10+09:00,485,2026-10-01T09:07:21.367856+09:00,2026-10-01T00:00:00+09:00,2026-10-01T08:59:24+09:00
22,monthly,12076418,FumiUmi,lunch_box235,https://note.com/lunch_box235,True,1,2026-10-01T07:20:08+09:00,2026-10-01T07:20:08+09:00,1094,2026-10-01T09:07:21.367856+09:00,2026-10-01T00:00:00+09:00,2026-10-01T08:59:24+09:00
23,monthly,13777980,しげちーSS,shjgechy,https://note.com/shjgechy,True,1,2026-10-01T07:18:45+09:00,2026-10-01T07:18:45+09:00,737,2026-10-01T09:07:21.367856+09:00,2026-10-01T00:00:00+09:00,2026-10-01T08:59:24+09:00
24,monthly,3598618,はしゃも｜感情構造エンジニア,hasyamo,https://note.com/hasyamo,True,1,2026-10-01T07:16:56+09:00,2026-10-01T07:16:56+09:00,710,2026-10-01T09:07:21.367856+09:00,2026-10-01T00:00:00+09:00,2026-10-01T08:59:24+09:00
25,monthly,13642246,やっさん（yasuda）,large_iguana6415,https://note.com/large_iguana6415,True,1,2026-10-01T07:07:46+09:00,2026-10-01T07:07:46+09:00,1630,2026-10-01T09:07:21.367856+09:00,2026-10-01T00:00:00+09:00,2026-10-01T08:59:24+09:00
26,monthly,564742,ta_kawano,takawano,https://note.com/takawano,True,1,2026-10-01T07:04:01+09:00,2026-10-01T07:04:01+09:00,142,2026-10-01T09:07:21.367856+09:00,2026-10-01T00:00:00+09:00,2026-10-01T08:59:24+09:00
27,monthly,12197172,緑どんぐり,green_donguri,https://note.com/green_donguri,True,1,2026-10-01T07:03:26+09:00,2026-10-01T07:03:26+09:00,2005,2026-10-01T09:07:21.367856+09:00,2026-10-01T00:00:00+09:00,2026-10-01T08:59:24+09:00
28,monthly,15394915,柴犬とゆる暮らし,calm_sedum3458,https://note.com/calm_sedum3458,True,1,2026-10-01T06:57:00+09:00,2026-10-01T06:57:00+09:00,83,2026-10-01T09:07:21.367856+09:00,2026-10-01T00:00:00+09:00,2026-10-01T08:59:24+09:00
29,monthly,12158291,考える赤柴｜ハロウィンアート2026応援中,eager_thyme9842,https://note.com/eager_thyme9842,True,1,2026-10-01T06:56:12+09:00,2026-10-01T06:56:12+09:00,671,2026-10-01T09:07:21.367856+09:00,2026-10-01T00:00:00+09:00,2026-10-01T08:59:24+09:00
30,monthly,14820938,Labo.,futurelnve5r,https://note.com/futurelnve5r,True,1,2026-10-01T06:49:41+09:00,2026-10-01T06:49:41+09:00,1660,2026-10-01T09:07:21.367856+09:00,2026-10-01T00:00:00+09:00,2026-10-01T08:59:24+09:00
31,monthly,6537962,花まるエレメンタリーミドルスクール,hanamentary,https://note.com/hanamentary,True,1,2026-10-01T06:46:24+09:00,2026-10-01T06:46:24+09:00,335,2026-10-01T09:07:21.367856+09:00,2026-10-01T00:00:00+09:00,2026-10-01T08:59:24+09:00
32,monthly,13806959,ミライダネ,suzuka020825,https://note.com/suzuka020825,True,1,2026-10-01T06:45:17+09:00,2026-10-01T06:45:17+09:00,924,2026-10-01T09:07:21.367856+09:00,2026-10-01T00:00:00+09:00,2026-10-01T08:59:24+09:00
33,monthly,15671629,アホクソ,ahokuso,https://note.com/ahokuso,True,1,2026-10-01T06:44:52+09:00,2026-10-01T06:44:52+09:00,97,2026-10-01T09:07:21.367856+09:00,2026-10-01T00:00:00+09:00,2026-10-01T08:59:24+09:00
34,monthly,9980809,気まぐれ執事｜AIでキャラの日常をつくる,rapid_mint5831,https://note.com/rapid_mint5831,True,1,2026-10-01T06:43:43+09:00,2026-10-01T06:43:43+09:00,146,2026-10-01T09:07:21.367856+09:00,2026-10-01T00:00:00+09:00,2026-10-01T08:59:24+09:00
35,monthly,13158712,コヤギ｜静かに暮らす,koyagishizukani,https://note.com/koyagishizukani,True,1,2026-10-01T06:40:40+09:00,2026-10-01T06:40:40+09:00,256,2026-10-01T09:07:21.367856+09:00,2026-10-01T00:00:00+09:00,2026-10-01T08:59:24+09:00
36,monthly,12624691,noteと遊ぶ あん,aging_gracefully,https://note.com/aging_gracefully,True,1,2026-10-01T06:36:34+09:00,2026-10-01T06:36:34+09:00,1608,2026-10-01T09:07:21.367856+09:00,2026-10-01T00:00:00+09:00,2026-10-01T08:59:24+09:00
37,monthly,11807623,Anna,modern_lion2880,https://note.com/modern_lion2880,True,1,2026-10-01T06:36:32+09:00,2026-10-01T06:36:32+09:00,1024,2026-10-01T09:07:21.367856+09:00,2026-10-01T00:00:00+09:00,2026-10-01T08:59:24+09:00
38,monthly,790651,AZUSA KIKUGAWA(相互フォローしてます),sakuracotton,https://note.com/sakuracotton,True,1,2026-10-01T06:36:17+09:00,2026-10-01T06:36:17+09:00,506,2026-10-01T09:07:21.367856+09:00,2026-10-01T00:00:00+09:00,2026-10-01T08:59:24+09:00
39,monthly,14531881,採用担当やってます。,saiyotanto,https://note.com/saiyotanto,True,1,2026-10-01T06:35:38+09:00,2026-10-01T06:35:38+09:00,171,2026-10-01T09:07:21.367856+09:00,2026-10-01T00:00:00+09:00,2026-10-01T08:59:24+09:00
40,monthly,11877070,アルフレッド(ALFRED),game_system_alex,https://note.com/game_system_alex,True,1,2026-10-01T06:34:13+09:00,2026-10-01T06:34:13+09:00,4096,2026-10-01T09:07:21.367856+09:00,2026-10-01T00:00:00+09:00,2026-10-01T08:59:24+09:00
41,monthly,6426263,はるかな,ai_crayon_04,https://note.com/ai_crayon_04,True,1,2026-10-01T06:33:39+09:00,2026-10-01T06:33:39+09:00,159,2026-10-01T09:07:21.367856+09:00,2026-10-01T00:00:00+09:00,2026-10-01T08:59:24+09:00
42,monthly,13870436,ママ薬剤師HONO,hospital_ph_hono,https://note.com/hospital_ph_hono,True,1,2026-10-01T06:31:14+09:00,2026-10-01T06:31:14+09:00,1032,2026-10-01T09:07:21.367856+09:00,2026-10-01T00:00:00+09:00,2026-10-01T08:59:24+09:00
43,monthly,10332488,ななな｜もやもや減らし屋,alive_prawn4206,https://note.com/alive_prawn4206,True,1,2026-10-01T06:11:26+09:00,2026-10-01T06:11:26+09:00,446,2026-10-01T09:07:21.367856+09:00,2026-10-01T00:00:00+09:00,2026-10-01T08:59:24+09:00
44,monthly,14567125,メモ魔┃AI×4コマ漫画,memoma_ai,https://note.com/memoma_ai,True,1,2026-10-01T05:20:44+09:00,2026-10-01T05:20:44+09:00,134,2026-10-01T09:07:21.367856+09:00,2026-10-01T00:00:00+09:00,2026-10-01T08:59:24+09:00
45,monthly,11351510,Ejii✦3（えじー）,deft_raven2722,https://note.com/deft_raven2722,True,1,2026-10-01T05:00:45+09:00,2026-10-01T05:00:45+09:00,297,2026-10-01T09:07:21.367856+09:00,2026-10-01T00:00:00+09:00,2026-10-01T08:59:24+09:00
46,monthly,15611455,DABOちゃん｜ゴルフ×AI×SNS継続の記録,dabochan_gogo,https://note.com/dabochan_gogo,True,1,2026-10-01T00:25:17+09:00,2026-10-01T00:25:17+09:00,256,2026-10-01T09:07:21.367856+09:00,2026-10-01T00:00:00+09:00,2026-10-01T08:59:24+09:00
47,monthly,12516832,和田雄三｜AI×心理ブランディングデザイナー,glad_dill2129,https://note.com/glad_dill2129,True,1,2026-10-01T00:08:54+09:00,2026-10-01T00:08:54+09:00,1157,2026-10-01T09:07:21.367856+09:00,2026-10-01T00:00:00+09:00,2026-10-01T08:59:24+09:00
